CREATE TABLE PESSOA(
    ID NUMBER(5),
    NOME CHAR(20),
    IDADE NUMBER(3),
    GENERO CHAR(1),
    SEGUIDORES NUMBER(10), -- numero de seguidores
    SALARIO NUMBER(10),
    PRIMARY KEY (ID)
);

CREATE TABLE NACIONALIDADE(
    PAIS VARCHAR(50),
    ID_PESSOA NUMBER(5),
    FOREIGN KEY (ID_PESSOA) REFERENCES PESSOA(ID),
    CONSTRAINT ID_NACIONALIDADE PRIMARY KEY (PAIS, ID_PESSOA)
);

CREATE TABLE CASTER(
    ID_CASTER NUMBER(5),
    FUNCAO VARCHAR(30),
    POPULARIDADE NUMBER(4, 2), -- Em porcentagem
    PRIMARY KEY(ID_CASTER),
    FOREIGN KEY (ID_CASTER) REFERENCES PESSOA(ID)
);

CREATE TABLE EQUIPE(
    ID_EQUIPE NUMBER(5),
    ID_CEO NUMBER(5) UNIQUE NOT NULL,
    DATA_CRIACAO DATE,
    NOME CHAR (20),
    PRIMARY KEY (ID_EQUIPE),
    FOREIGN KEY (ID_CEO) REFERENCES PESSOA(ID)
);

CREATE TABLE JOGADOR(
    ID_JOGADOR NUMBER(5),
    FUNCAO CHAR(3) NOT NULL,
    EH_RESERVA NUMBER(1) CHECK (EH_RESERVA = 0 OR EH_RESERVA = 1),
    NICK_LOL VARCHAR(30) NOT NULL,
    ID_EQUIPE NUMBER(5),
    PRIMARY KEY (ID_JOGADOR),
    FOREIGN KEY (ID_EQUIPE) REFERENCES EQUIPE(ID_EQUIPE),
    FOREIGN KEY (ID_JOGADOR) REFERENCES PESSOA(ID)
);

CREATE TABLE COACH(
    ID_COACH NUMBER(5),
    TIPO VARCHAR(30),
    ID_HEAD_COACH NUMBER(5),
    ID_EQUIPE NUMBER(5),
    PRIMARY KEY (ID_COACH),
    FOREIGN KEY (ID_HEAD_COACH) REFERENCES COACH(ID_COACH),
    FOREIGN KEY (ID_COACH) REFERENCES PESSOA(ID),
    FOREIGN KEY (ID_EQUIPE) REFERENCES EQUIPE(ID_EQUIPE)
);

CREATE TABLE CAMPEONATO(
    ID_CAMPEONATO NUMBER(6),
    ID_MVP NUMBER(5),
    QNTD_EQUIPES NUMBER(3),
    PRIMARY KEY (ID_CAMPEONATO),
    FOREIGN KEY (ID_MVP) REFERENCES JOGADOR(ID_JOGADOR)
);

CREATE TABLE PAUSE(
    COD NUMBER(5),
    MOTIVO VARCHAR(100),
    TEMPO_MIN NUMBER(30),
    PRIMARY KEY (COD)
);

CREATE TABLE PREMIACAO(
    POSICAO NUMBER(2),
    ID_CAMPEONATO NUMBER(5),
    VALOR NUMBER(15),
    FOREIGN KEY (ID_CAMPEONATO) REFERENCES CAMPEONATO(ID_CAMPEONATO),
    CONSTRAINT ID_PREMIACAO PRIMARY KEY (POSICAO, ID_CAMPEONATO)
);

CREATE TABLE JOGO(
    ID_EQUIPE1 NUMBER(5),
    ID_EQUIPE2 NUMBER(5) NOT NULL,
    ID_CAMPEONATO NUMBER(5),
    DIA DATE,
    GANHADOR NUMBER(5),
    UNIQUE (DIA, ID_EQUIPE2),
    CONSTRAINT ID_JOGO PRIMARY KEY (ID_EQUIPE1, ID_CAMPEONATO, DIA),
    FOREIGN KEY (ID_EQUIPE1) REFERENCES EQUIPE(ID_EQUIPE),
    FOREIGN KEY (ID_EQUIPE2) REFERENCES EQUIPE(ID_EQUIPE),
    FOREIGN KEY (ID_CAMPEONATO) REFERENCES CAMPEONATO(ID_CAMPEONATO)
);

CREATE TABLE APRESENTA(
    ID_CAMPEONATO NUMBER(5),
    ID_CASTER NUMBER(5),
    CONSTRAINT ID_APRESENTA PRIMARY KEY (ID_CAMPEONATO, ID_CASTER),
    FOREIGN KEY (ID_CAMPEONATO) REFERENCES CAMPEONATO(ID_CAMPEONATO),
    FOREIGN KEY (ID_CASTER) REFERENCES CASTER(ID_CASTER)
);

CREATE TABLE OCORRE(
    ID_EQUIPE1 NUMBER(5),
    ID_CAMPEONATO NUMBER(5),
    DIA DATE,
    COD NUMBER(5),
    CONSTRAINT ID_OCORRE PRIMARY KEY (ID_EQUIPE1, ID_CAMPEONATO, DIA, COD),
    CONSTRAINT ID_JOGO_OCORRE FOREIGN KEY (ID_EQUIPE1, ID_CAMPEONATO, DIA) REFERENCES JOGO(ID_EQUIPE1, ID_CAMPEONATO, DIA),
    FOREIGN KEY (COD) REFERENCES PAUSE(COD)
);

-- Inserindo dados na tabela PESSOA
INSERT INTO PESSOA (ID, NOME, IDADE, GENERO, SEGUIDORES, SALARIO) VALUES (1, 'Ana Maria', 28, 'F', 5000, 35000);
INSERT INTO PESSOA (ID, NOME, IDADE, GENERO, SEGUIDORES, SALARIO) VALUES (2, 'Carlos Silva', 34, 'M', 12000, 45000);
INSERT INTO PESSOA (ID, NOME, IDADE, GENERO, SEGUIDORES, SALARIO) VALUES (3, 'Beatriz Souza', 45, 'F', 18000, 60000);
INSERT INTO PESSOA (ID, NOME, IDADE, GENERO, SEGUIDORES, SALARIO) VALUES (4, 'Daniel Lima', 22, 'M', 3500, 28000);
INSERT INTO PESSOA (ID, NOME, IDADE, GENERO, SEGUIDORES, SALARIO) VALUES (5, 'Eduarda Costa', 30, 'F', 7500, 32000);
INSERT INTO PESSOA (ID, NOME, IDADE, GENERO, SEGUIDORES, SALARIO) VALUES (6, 'Felipe Almeida', 27, 'M', 10000, 39000);
INSERT INTO PESSOA (ID, NOME, IDADE, GENERO, SEGUIDORES, SALARIO) VALUES (7, 'Gabriel Santos', 40, 'M', 50000, 120000);
INSERT INTO PESSOA (ID, NOME, IDADE, GENERO, SEGUIDORES, SALARIO) VALUES (8, 'Heloisa Rocha', 33, 'F', 25000, 80000);
INSERT INTO PESSOA (ID, NOME, IDADE, GENERO, SEGUIDORES, SALARIO) VALUES (9, 'Igor Ferreira', 29, 'M', 15000, 45000);
INSERT INTO PESSOA (ID, NOME, IDADE, GENERO, SEGUIDORES, SALARIO) VALUES (10, 'Juliana Mendes', 38, 'F', 8000, 50000);
INSERT INTO PESSOA (ID, NOME, IDADE, GENERO, SEGUIDORES, SALARIO) VALUES (11, 'Karen Dias', 25, 'F', 1200, 22000);
INSERT INTO PESSOA (ID, NOME, IDADE, GENERO, SEGUIDORES, SALARIO) VALUES (12, 'Lucas Martins', 47, 'M', 17000, 95000);
INSERT INTO PESSOA (ID, NOME, IDADE, GENERO, SEGUIDORES, SALARIO) VALUES (13, 'Marta Oliveira', 32, 'F', 19000, 56000);
INSERT INTO PESSOA (ID, NOME, IDADE, GENERO, SEGUIDORES, SALARIO) VALUES (14, 'Nicolas Costa', 31, 'M', 24000, 73000);
INSERT INTO PESSOA (ID, NOME, IDADE, GENERO, SEGUIDORES, SALARIO) VALUES (15, 'Otavio Moreira', 26, 'M', 11000, 41000);
INSERT INTO PESSOA (ID, NOME, IDADE, GENERO, SEGUIDORES, SALARIO) VALUES (16, 'Patricia Carvalho', 43, 'F', 36000, 98000);
INSERT INTO PESSOA (ID, NOME, IDADE, GENERO, SEGUIDORES, SALARIO) VALUES (17, 'Renato Andrade', 39, 'M', 27000, 87000);
INSERT INTO PESSOA (ID, NOME, IDADE, GENERO, SEGUIDORES, SALARIO) VALUES (18, 'Sofia Martins', 34, 'F', 22000, 65000);
INSERT INTO PESSOA (ID, NOME, IDADE, GENERO, SEGUIDORES, SALARIO) VALUES (19, 'Thiago Pereira', 41, 'M', 49000, 115000);
INSERT INTO PESSOA (ID, NOME, IDADE, GENERO, SEGUIDORES, SALARIO) VALUES (20, 'Ursula Ribeiro', 27, 'F', 3000, 27000);
INSERT INTO PESSOA (ID, NOME, IDADE, GENERO, SEGUIDORES, SALARIO) VALUES (21, 'Victor Lima', 29, 'M', 32000, 69000);
INSERT INTO PESSOA (ID, NOME, IDADE, GENERO, SEGUIDORES, SALARIO) VALUES (22, 'Wagner Silva', 46, 'M', 21000, 76000);
INSERT INTO PESSOA (ID, NOME, IDADE, GENERO, SEGUIDORES, SALARIO) VALUES (23, 'Ximena Santos', 24, 'F', 1700, 24000);
INSERT INTO PESSOA (ID, NOME, IDADE, GENERO, SEGUIDORES, SALARIO) VALUES (24, 'Yara Rodrigues', 35, 'F', 19000, 54000);
INSERT INTO PESSOA (ID, NOME, IDADE, GENERO, SEGUIDORES, SALARIO) VALUES (25, 'Zeca Oliveira', 50, 'M', 25000, 100000);
INSERT INTO PESSOA (ID, NOME, IDADE, GENERO, SEGUIDORES, SALARIO) VALUES (26, 'Arthur Almeida', 28, 'M', 34000, 70000);
INSERT INTO PESSOA (ID, NOME, IDADE, GENERO, SEGUIDORES, SALARIO) VALUES (27, 'Bruno Fernandes', 31, 'M', 26000, 60000);
INSERT INTO PESSOA (ID, NOME, IDADE, GENERO, SEGUIDORES, SALARIO) VALUES (28, 'Camila Alves', 38, 'F', 20000, 75000);
INSERT INTO PESSOA (ID, NOME, IDADE, GENERO, SEGUIDORES, SALARIO) VALUES (29, 'Diego Batista', 42, 'M', 40000, 110000);
INSERT INTO PESSOA (ID, NOME, IDADE, GENERO, SEGUIDORES, SALARIO) VALUES (30, 'Eliana Costa', 37, 'F', 21000, 69000);
INSERT INTO PESSOA (ID, NOME, IDADE, GENERO, SEGUIDORES, SALARIO) VALUES (31, 'Fabio Ribeiro', 33, 'M', 18000, 58000);
INSERT INTO PESSOA (ID, NOME, IDADE, GENERO, SEGUIDORES, SALARIO) VALUES (32, 'Giovanna Souza', 29, 'F', 11000, 43000);
INSERT INTO PESSOA (ID, NOME, IDADE, GENERO, SEGUIDORES, SALARIO) VALUES (33, 'Heitor Lopes', 44, 'M', 37000, 95000);
INSERT INTO PESSOA (ID, NOME, IDADE, GENERO, SEGUIDORES, SALARIO) VALUES (34, 'Isabela Fernandes', 26, 'F', 15000, 52000);
INSERT INTO PESSOA (ID, NOME, IDADE, GENERO, SEGUIDORES, SALARIO) VALUES (35, 'João Pereira', 30, 'M', 28000, 67000);
INSERT INTO PESSOA (ID, NOME, IDADE, GENERO, SEGUIDORES, SALARIO) VALUES (36, 'Larissa Dias', 22, 'F', 2000, 20000);
INSERT INTO PESSOA (ID, NOME, IDADE, GENERO, SEGUIDORES, SALARIO) VALUES (37, 'Marcelo Silva', 36, 'M', 33000, 78000);
INSERT INTO PESSOA (ID, NOME, IDADE, GENERO, SEGUIDORES, SALARIO) VALUES (38, 'Nathalia Gomes', 31, 'F', 26000, 67000);
INSERT INTO PESSOA (ID, NOME, IDADE, GENERO, SEGUIDORES, SALARIO) VALUES (39, 'Otavio Rocha', 43, 'M', 39000, 98000);
INSERT INTO PESSOA (ID, NOME, IDADE, GENERO, SEGUIDORES, SALARIO) VALUES (40, 'Paula Mendes', 28, 'F', 16000, 53000);
INSERT INTO PESSOA (ID, NOME, IDADE, GENERO, SEGUIDORES, SALARIO) VALUES (41, 'Quintino Castro', 39, 'M', 25000, 71000);
INSERT INTO PESSOA (ID, NOME, IDADE, GENERO, SEGUIDORES, SALARIO) VALUES (42, 'Rita Oliveira', 32, 'F', 22000, 65000);
INSERT INTO PESSOA (ID, NOME, IDADE, GENERO, SEGUIDORES, SALARIO) VALUES (43, 'Samuel Pereira', 35, 'M', 29000, 75000);
INSERT INTO PESSOA (ID, NOME, IDADE, GENERO, SEGUIDORES, SALARIO) VALUES (44, 'Talita Carvalho', 28, 'F', 17000, 55000);
INSERT INTO PESSOA (ID, NOME, IDADE, GENERO, SEGUIDORES, SALARIO) VALUES (45, 'Ugo Souza', 27, 'M', 14000, 47000);
INSERT INTO PESSOA (ID, NOME, IDADE, GENERO, SEGUIDORES, SALARIO) VALUES (46, 'Vera Lima', 31, 'F', 13000, 44000);
INSERT INTO PESSOA (ID, NOME, IDADE, GENERO, SEGUIDORES, SALARIO) VALUES (47, 'Wesley Moreira', 44, 'M', 40000, 100000);
INSERT INTO PESSOA (ID, NOME, IDADE, GENERO, SEGUIDORES, SALARIO) VALUES (48, 'Xavier Almeida', 29, 'M', 27000, 68000);
INSERT INTO PESSOA (ID, NOME, IDADE, GENERO, SEGUIDORES, SALARIO) VALUES (49, 'Yasmin Ribeiro', 33, 'F', 24000, 72000);
INSERT INTO PESSOA (ID, NOME, IDADE, GENERO, SEGUIDORES, SALARIO) VALUES (50, 'Zuleica Ferreira', 40, 'F', 18000, 61000);
INSERT INTO PESSOA (ID, NOME, IDADE, GENERO, SEGUIDORES, SALARIO) VALUES (51, 'Amanda Nogueira', 27, 'F', 14000, 48000);
INSERT INTO PESSOA (ID, NOME, IDADE, GENERO, SEGUIDORES, SALARIO) VALUES (52, 'Bruno Teixeira', 32, 'M', 32000, 74000);
INSERT INTO PESSOA (ID, NOME, IDADE, GENERO, SEGUIDORES, SALARIO) VALUES (53, 'Carla Pinto', 24, 'F', 1800, 25000);
INSERT INTO PESSOA (ID, NOME, IDADE, GENERO, SEGUIDORES, SALARIO) VALUES (54, 'Diogo Fernandes', 39, 'M', 23000, 71000);
INSERT INTO PESSOA (ID, NOME, IDADE, GENERO, SEGUIDORES, SALARIO) VALUES (55, 'Eliane Souza', 35, 'F', 19500, 56000);
INSERT INTO PESSOA (ID, NOME, IDADE, GENERO, SEGUIDORES, SALARIO) VALUES (56, 'Felipe Correia', 28, 'M', 30500, 72000);
INSERT INTO PESSOA (ID, NOME, IDADE, GENERO, SEGUIDORES, SALARIO) VALUES (57, 'Gabriela Alves', 29, 'F', 24500, 68000);
INSERT INTO PESSOA (ID, NOME, IDADE, GENERO, SEGUIDORES, SALARIO) VALUES (58, 'Henrique Martins', 41, 'M', 38500, 105000);
INSERT INTO PESSOA (ID, NOME, IDADE, GENERO, SEGUIDORES, SALARIO) VALUES (59, 'Ingrid Ribeiro', 33, 'F', 17500, 62000);
INSERT INTO PESSOA (ID, NOME, IDADE, GENERO, SEGUIDORES, SALARIO) VALUES (60, 'João Paulo', 37, 'M', 42000, 98000);
INSERT INTO PESSOA (ID, NOME, IDADE, GENERO, SEGUIDORES, SALARIO) VALUES (61, 'Karla Mendes', 31, 'F', 29000, 64000);
INSERT INTO PESSOA (ID, NOME, IDADE, GENERO, SEGUIDORES, SALARIO) VALUES (62, 'Leonardo Lima', 34, 'M', 15000, 53000);
INSERT INTO PESSOA (ID, NOME, IDADE, GENERO, SEGUIDORES, SALARIO) VALUES (63, 'Mariana Costa', 28, 'F', 27000, 67000);
INSERT INTO PESSOA (ID, NOME, IDADE, GENERO, SEGUIDORES, SALARIO) VALUES (64, 'Natália Pereira', 30, 'F', 22000, 61000);
INSERT INTO PESSOA (ID, NOME, IDADE, GENERO, SEGUIDORES, SALARIO) VALUES (65, 'Otavio Ferreira', 42, 'M', 36000, 97000);
INSERT INTO PESSOA (ID, NOME, IDADE, GENERO, SEGUIDORES, SALARIO) VALUES (66, 'Paula Araujo', 26, 'F', 16000, 51000);
INSERT INTO PESSOA (ID, NOME, IDADE, GENERO, SEGUIDORES, SALARIO) VALUES (67, 'Quirino Duarte', 38, 'M', 31000, 79000);
INSERT INTO PESSOA (ID, NOME, IDADE, GENERO, SEGUIDORES, SALARIO) VALUES (68, 'Rafael Gomes', 36, 'M', 29000, 75000);
INSERT INTO PESSOA (ID, NOME, IDADE, GENERO, SEGUIDORES, SALARIO) VALUES (69, 'Simone Ramos', 29, 'F', 18000, 55000);
INSERT INTO PESSOA (ID, NOME, IDADE, GENERO, SEGUIDORES, SALARIO) VALUES (70, 'Tatiane Lima', 33, 'F', 23000, 66000);
INSERT INTO PESSOA (ID, NOME, IDADE, GENERO, SEGUIDORES, SALARIO) VALUES (71, 'Ulisses Santos', 44, 'M', 44000, 115000);
INSERT INTO PESSOA (ID, NOME, IDADE, GENERO, SEGUIDORES, SALARIO) VALUES (72, 'Valéria Almeida', 28, 'F', 19000, 54000);
INSERT INTO PESSOA (ID, NOME, IDADE, GENERO, SEGUIDORES, SALARIO) VALUES (73, 'William Costa', 40, 'M', 40000, 102000);
INSERT INTO PESSOA (ID, NOME, IDADE, GENERO, SEGUIDORES, SALARIO) VALUES (74, 'Xenia Castro', 32, 'F', 25000, 67000);
INSERT INTO PESSOA (ID, NOME, IDADE, GENERO, SEGUIDORES, SALARIO) VALUES (75, 'Yuri Pereira', 35, 'M', 32000, 72000);
INSERT INTO PESSOA (ID, NOME, IDADE, GENERO, SEGUIDORES, SALARIO) VALUES (76, 'Zara Oliveira', 29, 'F', 15000, 50000);
INSERT INTO PESSOA (ID, NOME, IDADE, GENERO, SEGUIDORES, SALARIO) VALUES (77, 'Augusto Rocha', 47, 'M', 45000, 130000);
INSERT INTO PESSOA (ID, NOME, IDADE, GENERO, SEGUIDORES, SALARIO) VALUES (78, 'Brenda Souza', 31, 'F', 17000, 53000);
INSERT INTO PESSOA (ID, NOME, IDADE, GENERO, SEGUIDORES, SALARIO) VALUES (79, 'Carlos Eduardo', 30, 'M', 37000, 85000);
INSERT INTO PESSOA (ID, NOME, IDADE, GENERO, SEGUIDORES, SALARIO) VALUES (80, 'Daniela Martins', 34, 'F', 28000, 69000);

-- Inserindo dados na tabela NACIONALIDADE
INSERT INTO NACIONALIDADE (PAIS, ID_PESSOA) VALUES ('Brasil', 1);
INSERT INTO NACIONALIDADE (PAIS, ID_PESSOA) VALUES ('Brasil', 2);
INSERT INTO NACIONALIDADE (PAIS, ID_PESSOA) VALUES ('Brasil', 3);
INSERT INTO NACIONALIDADE (PAIS, ID_PESSOA) VALUES ('Argentina', 4);
INSERT INTO NACIONALIDADE (PAIS, ID_PESSOA) VALUES ('Chile', 5);
INSERT INTO NACIONALIDADE (PAIS, ID_PESSOA) VALUES ('Peru', 6);
INSERT INTO NACIONALIDADE (PAIS, ID_PESSOA) VALUES ('México', 7);
INSERT INTO NACIONALIDADE (PAIS, ID_PESSOA) VALUES ('Brasil', 8);
INSERT INTO NACIONALIDADE (PAIS, ID_PESSOA) VALUES ('Brasil', 9);
INSERT INTO NACIONALIDADE (PAIS, ID_PESSOA) VALUES ('Brasil', 10);
INSERT INTO NACIONALIDADE (PAIS, ID_PESSOA) VALUES ('Colômbia', 11);
INSERT INTO NACIONALIDADE (PAIS, ID_PESSOA) VALUES ('Venezuela', 12);
INSERT INTO NACIONALIDADE (PAIS, ID_PESSOA) VALUES ('Uruguai', 13);
INSERT INTO NACIONALIDADE (PAIS, ID_PESSOA) VALUES ('Paraguai', 14);
INSERT INTO NACIONALIDADE (PAIS, ID_PESSOA) VALUES ('Bolívia', 15);
INSERT INTO NACIONALIDADE (PAIS, ID_PESSOA) VALUES ('Equador', 16);
INSERT INTO NACIONALIDADE (PAIS, ID_PESSOA) VALUES ('Brasil', 17);
INSERT INTO NACIONALIDADE (PAIS, ID_PESSOA) VALUES ('Brasil', 18);
INSERT INTO NACIONALIDADE (PAIS, ID_PESSOA) VALUES ('Brasil', 19);
INSERT INTO NACIONALIDADE (PAIS, ID_PESSOA) VALUES ('Brasil', 20);
INSERT INTO NACIONALIDADE (PAIS, ID_PESSOA) VALUES ('Brasil', 21);
INSERT INTO NACIONALIDADE (PAIS, ID_PESSOA) VALUES ('Brasil', 22);
INSERT INTO NACIONALIDADE (PAIS, ID_PESSOA) VALUES ('Argentina', 23);
INSERT INTO NACIONALIDADE (PAIS, ID_PESSOA) VALUES ('Chile', 24);
INSERT INTO NACIONALIDADE (PAIS, ID_PESSOA) VALUES ('Peru', 25);
INSERT INTO NACIONALIDADE (PAIS, ID_PESSOA) VALUES ('México', 26);
INSERT INTO NACIONALIDADE (PAIS, ID_PESSOA) VALUES ('Colômbia', 27);
INSERT INTO NACIONALIDADE (PAIS, ID_PESSOA) VALUES ('Venezuela', 28);
INSERT INTO NACIONALIDADE (PAIS, ID_PESSOA) VALUES ('Uruguai', 29);
INSERT INTO NACIONALIDADE (PAIS, ID_PESSOA) VALUES ('Paraguai', 30);
INSERT INTO NACIONALIDADE (PAIS, ID_PESSOA) VALUES ('Bolívia', 31);
INSERT INTO NACIONALIDADE (PAIS, ID_PESSOA) VALUES ('Equador', 32);
INSERT INTO NACIONALIDADE (PAIS, ID_PESSOA) VALUES ('Brasil', 33);
INSERT INTO NACIONALIDADE (PAIS, ID_PESSOA) VALUES ('Brasil', 34);
INSERT INTO NACIONALIDADE (PAIS, ID_PESSOA) VALUES ('Brasil', 35);
INSERT INTO NACIONALIDADE (PAIS, ID_PESSOA) VALUES ('Brasil', 36);
INSERT INTO NACIONALIDADE (PAIS, ID_PESSOA) VALUES ('Brasil', 37);
INSERT INTO NACIONALIDADE (PAIS, ID_PESSOA) VALUES ('Brasil', 38);
INSERT INTO NACIONALIDADE (PAIS, ID_PESSOA) VALUES ('Brasil', 39);
INSERT INTO NACIONALIDADE (PAIS, ID_PESSOA) VALUES ('Brasil', 40);
INSERT INTO NACIONALIDADE (PAIS, ID_PESSOA) VALUES ('Brasil', 41);
INSERT INTO NACIONALIDADE (PAIS, ID_PESSOA) VALUES ('Brasil', 42);
INSERT INTO NACIONALIDADE (PAIS, ID_PESSOA) VALUES ('Argentina', 43);
INSERT INTO NACIONALIDADE (PAIS, ID_PESSOA) VALUES ('Chile', 44);
INSERT INTO NACIONALIDADE (PAIS, ID_PESSOA) VALUES ('Peru', 45);
INSERT INTO NACIONALIDADE (PAIS, ID_PESSOA) VALUES ('México', 46);
INSERT INTO NACIONALIDADE (PAIS, ID_PESSOA) VALUES ('Colômbia', 47);
INSERT INTO NACIONALIDADE (PAIS, ID_PESSOA) VALUES ('Venezuela', 48);
INSERT INTO NACIONALIDADE (PAIS, ID_PESSOA) VALUES ('Uruguai', 49);
INSERT INTO NACIONALIDADE (PAIS, ID_PESSOA) VALUES ('Paraguai', 50);
INSERT INTO NACIONALIDADE (PAIS, ID_PESSOA) VALUES ('Brasil', 51);
INSERT INTO NACIONALIDADE (PAIS, ID_PESSOA) VALUES ('Brasil', 52);
INSERT INTO NACIONALIDADE (PAIS, ID_PESSOA) VALUES ('Argentina', 53);
INSERT INTO NACIONALIDADE (PAIS, ID_PESSOA) VALUES ('Chile', 54);
INSERT INTO NACIONALIDADE (PAIS, ID_PESSOA) VALUES ('Peru', 55);
INSERT INTO NACIONALIDADE (PAIS, ID_PESSOA) VALUES ('México', 56);
INSERT INTO NACIONALIDADE (PAIS, ID_PESSOA) VALUES ('Colômbia', 57);
INSERT INTO NACIONALIDADE (PAIS, ID_PESSOA) VALUES ('Venezuela', 58);
INSERT INTO NACIONALIDADE (PAIS, ID_PESSOA) VALUES ('Uruguai', 59);
INSERT INTO NACIONALIDADE (PAIS, ID_PESSOA) VALUES ('Paraguai', 60);
INSERT INTO NACIONALIDADE (PAIS, ID_PESSOA) VALUES ('Bolívia', 61);
INSERT INTO NACIONALIDADE (PAIS, ID_PESSOA) VALUES ('Equador', 62);
INSERT INTO NACIONALIDADE (PAIS, ID_PESSOA) VALUES ('Brasil', 63);
INSERT INTO NACIONALIDADE (PAIS, ID_PESSOA) VALUES ('Brasil', 64);
INSERT INTO NACIONALIDADE (PAIS, ID_PESSOA) VALUES ('Argentina', 65);
INSERT INTO NACIONALIDADE (PAIS, ID_PESSOA) VALUES ('Chile', 66);
INSERT INTO NACIONALIDADE (PAIS, ID_PESSOA) VALUES ('Peru', 67);
INSERT INTO NACIONALIDADE (PAIS, ID_PESSOA) VALUES ('México', 68);
INSERT INTO NACIONALIDADE (PAIS, ID_PESSOA) VALUES ('Colômbia', 69);
INSERT INTO NACIONALIDADE (PAIS, ID_PESSOA) VALUES ('Venezuela', 70);
INSERT INTO NACIONALIDADE (PAIS, ID_PESSOA) VALUES ('Uruguai', 71);
INSERT INTO NACIONALIDADE (PAIS, ID_PESSOA) VALUES ('Paraguai', 72);
INSERT INTO NACIONALIDADE (PAIS, ID_PESSOA) VALUES ('Bolívia', 73);
INSERT INTO NACIONALIDADE (PAIS, ID_PESSOA) VALUES ('Equador', 74);
INSERT INTO NACIONALIDADE (PAIS, ID_PESSOA) VALUES ('Brasil', 75);
INSERT INTO NACIONALIDADE (PAIS, ID_PESSOA) VALUES ('Brasil', 76);
INSERT INTO NACIONALIDADE (PAIS, ID_PESSOA) VALUES ('Argentina', 77);
INSERT INTO NACIONALIDADE (PAIS, ID_PESSOA) VALUES ('Chile', 78);
INSERT INTO NACIONALIDADE (PAIS, ID_PESSOA) VALUES ('Peru', 79);
INSERT INTO NACIONALIDADE (PAIS, ID_PESSOA) VALUES ('México', 80);

-- IDEQ, IDCEO, DATA_Criacao, NOME
INSERT INTO EQUIPE VALUES (10, 51, TO_DATE('24-03-2000', 'DD-MM-YYYY'), 'RED' );
INSERT INTO EQUIPE VALUES (20, 52, TO_DATE('27-07-1950', 'DD-MM-YYYY'), 'PAIN');
INSERT INTO EQUIPE VALUES (30, 53, TO_DATE('12-09-1985', 'DD-MM-YYYY'), 'FURIA');
INSERT INTO EQUIPE VALUES (40, 54, TO_DATE('15-01-1985', 'DD-MM-YYYY'), 'RENSGA');
INSERT INTO EQUIPE VALUES (50, 55, TO_DATE('06-04-1930', 'DD-MM-YYYY'), 'LOUD');
INSERT INTO EQUIPE VALUES (60, 56, TO_DATE('02-07-2024', 'DD-MM-YYYY'), 'KEYD');
INSERT INTO EQUIPE VALUES (70, 57, TO_DATE('11-08-2014', 'DD-MM-YYYY'), 'KABUM');
INSERT INTO EQUIPE VALUES (80, 58, TO_DATE('21-01-2012', 'DD-MM-YYYY'), 'INTZ');
INSERT INTO EQUIPE VALUES (90, 59, TO_DATE('30-09-1940', 'DD-MM-YYYY'), 'FLUXO');
INSERT INTO EQUIPE VALUES (100, 60, TO_DATE('30-09-1920', 'DD-MM-YYYY'), 'LOS');

-- ID, FUNCAO, POPULARIDADE
INSERT INTO CASTER VALUES (76, 'NARRADOR', 37.60);
INSERT INTO CASTER VALUES (77, 'COMENTARISTA', 75.50);
INSERT INTO CASTER VALUES (78, 'COMENTARISTA', 70.00);
INSERT INTO CASTER VALUES (79, 'ANALISTA', 99.75);
INSERT INTO CASTER VALUES (80, 'ENTREVISTADOR', 28.90);


-- Equipe 1
INSERT INTO JOGADOR VALUES (1, 'TOP', 0, 'JOAO_GAMES', 100);
INSERT INTO JOGADOR VALUES (2, 'JG', 0, 'PEDRINHO', 100);
INSERT INTO JOGADOR VALUES (3, 'MID', 0, 'CLEBER', 100);
INSERT INTO JOGADOR VALUES (4, 'ADC', 0, 'ABU', 100);
INSERT INTO JOGADOR VALUES (5, 'SUP', 0, 'CACA_RATO', 100);

INSERT INTO JOGADOR VALUES (6, 'TOP', 0, 'ZORRO_DAS_ESTRELAS', 10);
INSERT INTO JOGADOR VALUES (7, 'JG', 0, 'CAOS_NEUTRO', 10);
INSERT INTO JOGADOR VALUES (8, 'MID', 0, 'GIGA_BYTE', 10);
INSERT INTO JOGADOR VALUES (9, 'ADC', 0, 'MIROU_ERROU', 10);
INSERT INTO JOGADOR VALUES (10, 'SUP', 0, 'COVEIRO', 10);

-- Equipe 2
INSERT INTO JOGADOR VALUES (11, 'TOP', 0, 'JAZZ_TOP', 20);
INSERT INTO JOGADOR VALUES (12, 'JG', 0, 'MATADOR_DE_BOBOS', 20);
INSERT INTO JOGADOR VALUES (13, 'MID', 0, 'X_TREME', 20);
INSERT INTO JOGADOR VALUES (14, 'ADC', 0, 'SNIPER_LOKO', 20);
INSERT INTO JOGADOR VALUES (15, 'SUP', 0, 'ESCUDO_HUMANO', 20);

-- Equipe 3
INSERT INTO JOGADOR VALUES (16, 'TOP', 0, 'BOI_BOMBA', 30);
INSERT INTO JOGADOR VALUES (17, 'JG', 0, 'CAVEIRA_NEGRA', 30);
INSERT INTO JOGADOR VALUES (18, 'MID', 0, 'SHAMAN_DO_PODER', 30);
INSERT INTO JOGADOR VALUES (19, 'ADC', 0, 'BALA_NA_MIRA', 30);
INSERT INTO JOGADOR VALUES (20, 'SUP', 0, 'MAGA_BRANCA', 30);

-- Equipe 4
INSERT INTO JOGADOR VALUES (21, 'TOP', 0, 'RAIOS_X', 40);
INSERT INTO JOGADOR VALUES (22, 'JG', 0, 'EXTERMINADOR', 40);
INSERT INTO JOGADOR VALUES (23, 'MID', 0, 'JURASSICO', 40);
INSERT INTO JOGADOR VALUES (24, 'ADC', 0, 'NEO_ATIRADOR', 40);
INSERT INTO JOGADOR VALUES (25, 'SUP', 0, 'TANKZILLA', 40);

-- Equipe 5
INSERT INTO JOGADOR VALUES (26, 'TOP', 0, 'DRAGON_SLAYER', 50);
INSERT INTO JOGADOR VALUES (27, 'JG', 0, 'ESPIRITO_DE_FOGO', 50);
INSERT INTO JOGADOR VALUES (28, 'MID', 0, 'ORBITA_NEGRA', 50);
INSERT INTO JOGADOR VALUES (29, 'ADC', 0, 'BALA_PERDIDA', 50);
INSERT INTO JOGADOR VALUES (30, 'SUP', 0, 'ANGEL_PROTECTOR', 50);

-- Equipe 6
INSERT INTO JOGADOR VALUES (31, 'TOP', 0, 'GIGANTE_DE_ACO', 60);
INSERT INTO JOGADOR VALUES (32, 'JG', 0, 'CAÇADOR_FURTIVO', 60);
INSERT INTO JOGADOR VALUES (33, 'MID', 0, 'MENTE_SUPERIOR', 60);
INSERT INTO JOGADOR VALUES (34, 'ADC', 0, 'TIRO_CERTEIRO', 60);
INSERT INTO JOGADOR VALUES (35, 'SUP', 0, 'ESCUDERO', 60);

-- Equipe 7
INSERT INTO JOGADOR VALUES (36, 'TOP', 0, 'MONTANHA', 70);
INSERT INTO JOGADOR VALUES (37, 'JG', 0, 'LORD_SOMBRA', 70);
INSERT INTO JOGADOR VALUES (38, 'MID', 0, 'PSIQUICO', 70);
INSERT INTO JOGADOR VALUES (39, 'ADC', 0, 'MIRA_MORTAL', 70);
INSERT INTO JOGADOR VALUES (40, 'SUP', 0, 'MURALHA', 70);

-- Equipe 8
INSERT INTO JOGADOR VALUES (41, 'TOP', 0, 'FANTASMA', 80);
INSERT INTO JOGADOR VALUES (42, 'JG', 0, 'SILENCIO_MORTAL', 80);
INSERT INTO JOGADOR VALUES (43, 'MID', 0, 'VIRTUOSO', 80);
INSERT INTO JOGADOR VALUES (44, 'ADC', 0, 'CAÇADOR_CIBERNETICO', 80);
INSERT INTO JOGADOR VALUES (45, 'SUP', 0, 'GUARDIAO_ANCIÃO', 80);

-- Equipe 9
INSERT INTO JOGADOR VALUES (46, 'TOP', 0, 'TORRENTE', 90);
INSERT INTO JOGADOR VALUES (47, 'JG', 0, 'VENENO_VERDE', 90);
INSERT INTO JOGADOR VALUES (48, 'MID', 0, 'ALQUIMISTA', 90);
INSERT INTO JOGADOR VALUES (49, 'ADC', 0, 'RAIO_LASER', 90);
INSERT INTO JOGADOR VALUES (50, 'SUP', 0, 'BARREIRA_VIVA', 90);

INSERT INTO COACH VALUES (61, 'HEAD', NULL, 10);
INSERT INTO COACH VALUES (62, 'HEAD', NULL, 20);
INSERT INTO COACH VALUES (63, 'HEAD', NULL, 30);
INSERT INTO COACH VALUES (64, 'HEAD', NULL, 40);
INSERT INTO COACH VALUES (65, 'HEAD', NULL, 50);
INSERT INTO COACH VALUES (66, 'HEAD', NULL, 60);
INSERT INTO COACH VALUES (67, 'HEAD', NULL, 70);
INSERT INTO COACH VALUES (68, 'HEAD', NULL, 80);
INSERT INTO COACH VALUES (69, 'HEAD', NULL, 90);
INSERT INTO COACH VALUES (70, 'HEAD', NULL, 100);
INSERT INTO COACH VALUES (71, 'POSICIONAL', 61, 10);
INSERT INTO COACH VALUES (72, 'ASSISTENTE', 62, 20);
INSERT INTO COACH VALUES (73, 'POSICIONAL', 63, 30);
INSERT INTO COACH VALUES (74, 'POSICIONAL', 64, 40);
INSERT INTO COACH VALUES (75, 'ASSISTENTE', 65, 50);

--ID, ID_MVP, QNTD_EQUIPES
INSERT INTO CAMPEONATO VALUES (20231, 5, 10);
INSERT INTO CAMPEONATO VALUES (20232, 10, 10);
INSERT INTO CAMPEONATO VALUES (20241, 30, 10);
INSERT INTO CAMPEONATO VALUES (20242, NULL, 10);

--COD, MOTIVO, TEMPO
INSERT INTO PAUSE VALUES (1, 'Um jogador quis comer negresco', 10);
INSERT INTO PAUSE VALUES (2, 'Quis tomar coca-zero na aula de Robson', 20);
INSERT INTO PAUSE VALUES (3, 'Um jogador fez o F no outro', 600);
INSERT INTO PAUSE VALUES (4, 'Necessidades básicas violadas(bomba nuclear)', 5);
INSERT INTO PAUSE VALUES (5, 'Teclado acabou', 10);

-- Inserções para o ano 20231
INSERT INTO PREMIACAO VALUES (1, 20231, 100000);
INSERT INTO PREMIACAO VALUES (2, 20231, 90000);
INSERT INTO PREMIACAO VALUES (3, 20231, 80000);
INSERT INTO PREMIACAO VALUES (4, 20231, 70000);
INSERT INTO PREMIACAO VALUES (5, 20231, 60000);
INSERT INTO PREMIACAO VALUES (6, 20231, 50000);
INSERT INTO PREMIACAO VALUES (7, 20231, 40000);
INSERT INTO PREMIACAO VALUES (8, 20231, 30000);
INSERT INTO PREMIACAO VALUES (9, 20231, 20000);
INSERT INTO PREMIACAO VALUES (10, 20231, 10000);

-- Inserções para o ano 20232
INSERT INTO PREMIACAO VALUES (1, 20232, 100000);
INSERT INTO PREMIACAO VALUES (2, 20232, 90000);
INSERT INTO PREMIACAO VALUES (3, 20232, 80000);
INSERT INTO PREMIACAO VALUES (4, 20232, 70000);
INSERT INTO PREMIACAO VALUES (5, 20232, 60000);
INSERT INTO PREMIACAO VALUES (6, 20232, 50000);
INSERT INTO PREMIACAO VALUES (7, 20232, 40000);
INSERT INTO PREMIACAO VALUES (8, 20232, 30000);
INSERT INTO PREMIACAO VALUES (9, 20232, 20000);
INSERT INTO PREMIACAO VALUES (10, 20232, 10000);

-- Inserções para o ano 20241
INSERT INTO PREMIACAO VALUES (1, 20241, 100000);
INSERT INTO PREMIACAO VALUES (2, 20241, 90000);
INSERT INTO PREMIACAO VALUES (3, 20241, 80000);
INSERT INTO PREMIACAO VALUES (4, 20241, 70000);
INSERT INTO PREMIACAO VALUES (5, 20241, 60000);
INSERT INTO PREMIACAO VALUES (6, 20241, 50000);
INSERT INTO PREMIACAO VALUES (7, 20241, 40000);
INSERT INTO PREMIACAO VALUES (8, 20241, 30000);
INSERT INTO PREMIACAO VALUES (9, 20241, 20000);
INSERT INTO PREMIACAO VALUES (10, 20241, 10000);

-- Inserções para o ano 20242
INSERT INTO PREMIACAO VALUES (1, 20242, 100000);
INSERT INTO PREMIACAO VALUES (2, 20242, 90000);
INSERT INTO PREMIACAO VALUES (3, 20242, 80000);
INSERT INTO PREMIACAO VALUES (4, 20242, 70000);
INSERT INTO PREMIACAO VALUES (5, 20242, 60000);
INSERT INTO PREMIACAO VALUES (6, 20242, 50000);
INSERT INTO PREMIACAO VALUES (7, 20242, 40000);
INSERT INTO PREMIACAO VALUES (8, 20242, 30000);
INSERT INTO PREMIACAO VALUES (9, 20242, 20000);
INSERT INTO PREMIACAO VALUES (10, 20242, 10000);

INSERT INTO APRESENTA VALUES ( 20231, 76);
INSERT INTO APRESENTA VALUES ( 20231, 80);
INSERT INTO APRESENTA VALUES ( 20232, 77);
INSERT INTO APRESENTA VALUES ( 20241, 76);
INSERT INTO APRESENTA VALUES ( 20241, 77);
INSERT INTO APRESENTA VALUES ( 20241, 78);
INSERT INTO APRESENTA VALUES ( 20241, 79);
INSERT INTO APRESENTA VALUES ( 20241, 80);
INSERT INTO APRESENTA VALUES ( 20242, 78);

-- Split 20231

-- Equipe 10 vs Equipe 20
INSERT INTO JOGO (ID_Equipe1, ID_CAMPEONATO, Dia, ID_Equipe2, Ganhador) 
VALUES (10, '20231', TO_DATE('2023-01-01', 'YYYY-MM-DD'), 20, 10);
INSERT INTO JOGO (ID_Equipe1, ID_CAMPEONATO, Dia, ID_Equipe2, Ganhador) 
VALUES (20, '20231', TO_DATE('2023-01-02', 'YYYY-MM-DD'), 10, 20);

-- Equipe 10 vs Equipe 30
INSERT INTO JOGO (ID_Equipe1, ID_CAMPEONATO, Dia, ID_Equipe2, Ganhador) 
VALUES (10, '20231', TO_DATE('2023-01-03', 'YYYY-MM-DD'), 30, 30);
INSERT INTO JOGO (ID_Equipe1, ID_CAMPEONATO, Dia, ID_Equipe2, Ganhador) 
VALUES (30, '20231', TO_DATE('2023-01-04', 'YYYY-MM-DD'), 10, 10);

-- Equipe 10 vs Equipe 40
INSERT INTO JOGO (ID_Equipe1, ID_CAMPEONATO, Dia, ID_Equipe2, Ganhador) 
VALUES (10, '20231', TO_DATE('2023-01-05', 'YYYY-MM-DD'), 40, 40);
INSERT INTO JOGO (ID_Equipe1, ID_CAMPEONATO, Dia, ID_Equipe2, Ganhador) 
VALUES (40, '20231', TO_DATE('2023-01-06', 'YYYY-MM-DD'), 10, 10);

-- Equipe 10 vs Equipe 50
INSERT INTO JOGO (ID_Equipe1, ID_CAMPEONATO, Dia, ID_Equipe2, Ganhador) 
VALUES (10, '20231', TO_DATE('2023-01-07', 'YYYY-MM-DD'), 50, 50);
INSERT INTO JOGO (ID_Equipe1, ID_CAMPEONATO, Dia, ID_Equipe2, Ganhador) 
VALUES (50, '20231', TO_DATE('2023-01-08', 'YYYY-MM-DD'), 10, 10);

-- Equipe 10 vs Equipe 60
INSERT INTO JOGO (ID_Equipe1, ID_CAMPEONATO, Dia, ID_Equipe2, Ganhador) 
VALUES (10, '20231', TO_DATE('2023-01-09', 'YYYY-MM-DD'), 60, 60);
INSERT INTO JOGO (ID_Equipe1, ID_CAMPEONATO, Dia, ID_Equipe2, Ganhador) 
VALUES (60, '20231', TO_DATE('2023-01-10', 'YYYY-MM-DD'), 10, 10);

-- Equipe 10 vs Equipe 70
INSERT INTO JOGO (ID_Equipe1, ID_CAMPEONATO, Dia, ID_Equipe2, Ganhador) 
VALUES (10, '20231', TO_DATE('2023-01-11', 'YYYY-MM-DD'), 70, 70);
INSERT INTO JOGO (ID_Equipe1, ID_CAMPEONATO, Dia, ID_Equipe2, Ganhador) 
VALUES (70, '20231', TO_DATE('2023-01-12', 'YYYY-MM-DD'), 10, 10);

-- Equipe 10 vs Equipe 80
INSERT INTO JOGO (ID_Equipe1, ID_CAMPEONATO, Dia, ID_Equipe2, Ganhador) 
VALUES (10, '20231', TO_DATE('2023-01-13', 'YYYY-MM-DD'), 80, 80);
INSERT INTO JOGO (ID_Equipe1, ID_CAMPEONATO, Dia, ID_Equipe2, Ganhador) 
VALUES (80, '20231', TO_DATE('2023-01-14', 'YYYY-MM-DD'), 10, 10);

-- Equipe 10 vs Equipe 90
INSERT INTO JOGO (ID_Equipe1, ID_CAMPEONATO, Dia, ID_Equipe2, Ganhador) 
VALUES (10, '20231', TO_DATE('2023-01-15', 'YYYY-MM-DD'), 90, 90);
INSERT INTO JOGO (ID_Equipe1, ID_CAMPEONATO, Dia, ID_Equipe2, Ganhador) 
VALUES (90, '20231', TO_DATE('2023-01-16', 'YYYY-MM-DD'), 10, 10);

-- Equipe 10 vs Equipe 100
INSERT INTO JOGO (ID_Equipe1, ID_CAMPEONATO, Dia, ID_Equipe2, Ganhador) 
VALUES (10, '20231', TO_DATE('2023-01-17', 'YYYY-MM-DD'), 100, 100);
INSERT INTO JOGO (ID_Equipe1, ID_CAMPEONATO, Dia, ID_Equipe2, Ganhador) 
VALUES (100, '20231', TO_DATE('2023-01-18', 'YYYY-MM-DD'), 10, 10);

-- Equipe 20 vs Equipe 30
INSERT INTO JOGO (ID_Equipe1, ID_CAMPEONATO, Dia, ID_Equipe2, Ganhador) 
VALUES (20, '20231', TO_DATE('2023-01-19', 'YYYY-MM-DD'), 30, 20);
INSERT INTO JOGO (ID_Equipe1, ID_CAMPEONATO, Dia, ID_Equipe2, Ganhador) 
VALUES (30, '20231', TO_DATE('2023-01-20', 'YYYY-MM-DD'), 20, 30);

-- Equipe 20 vs Equipe 40
INSERT INTO JOGO (ID_Equipe1, ID_CAMPEONATO, Dia, ID_Equipe2, Ganhador) 
VALUES (20, '20231', TO_DATE('2023-01-21', 'YYYY-MM-DD'), 40, 40);
INSERT INTO JOGO (ID_Equipe1, ID_CAMPEONATO, Dia, ID_Equipe2, Ganhador) 
VALUES (40, '20231', TO_DATE('2023-01-22', 'YYYY-MM-DD'), 20, 20);

-- Equipe 20 vs Equipe 50
INSERT INTO JOGO (ID_Equipe1, ID_CAMPEONATO, Dia, ID_Equipe2, Ganhador) 
VALUES (20, '20231', TO_DATE('2023-01-23', 'YYYY-MM-DD'), 50, 50);
INSERT INTO JOGO (ID_Equipe1, ID_CAMPEONATO, Dia, ID_Equipe2, Ganhador) 
VALUES (50, '20231', TO_DATE('2023-01-24', 'YYYY-MM-DD'), 20, 20);

-- Equipe 20 vs Equipe 60
INSERT INTO JOGO (ID_Equipe1, ID_CAMPEONATO, Dia, ID_Equipe2, Ganhador) 
VALUES (20, '20231', TO_DATE('2023-01-25', 'YYYY-MM-DD'), 60, 20);
INSERT INTO JOGO (ID_Equipe1, ID_CAMPEONATO, Dia, ID_Equipe2, Ganhador) 
VALUES (60, '20231', TO_DATE('2023-01-26', 'YYYY-MM-DD'), 20, 60);

-- Equipe 20 vs Equipe 70
INSERT INTO JOGO (ID_Equipe1, ID_CAMPEONATO, Dia, ID_Equipe2, Ganhador) 
VALUES (20, '20231', TO_DATE('2023-01-27', 'YYYY-MM-DD'), 70, 70);
INSERT INTO JOGO (ID_Equipe1, ID_CAMPEONATO, Dia, ID_Equipe2, Ganhador) 
VALUES (70, '20231', TO_DATE('2023-01-28', 'YYYY-MM-DD'), 20, 20);

-- Equipe 20 vs Equipe 80
INSERT INTO JOGO (ID_Equipe1, ID_CAMPEONATO, Dia, ID_Equipe2, Ganhador) 
VALUES (20, '20231', TO_DATE('2023-01-29', 'YYYY-MM-DD'), 80, 80);
INSERT INTO JOGO (ID_Equipe1, ID_CAMPEONATO, Dia, ID_Equipe2, Ganhador) 
VALUES (80, '20231', TO_DATE('2023-01-30', 'YYYY-MM-DD'), 20, 20);

-- Equipe 20 vs Equipe 90
INSERT INTO JOGO (ID_Equipe1, ID_CAMPEONATO, Dia, ID_Equipe2, Ganhador) 
VALUES (20, '20231', TO_DATE('2023-01-31', 'YYYY-MM-DD'), 90, 20);
INSERT INTO JOGO (ID_Equipe1, ID_CAMPEONATO, Dia, ID_Equipe2, Ganhador) 
VALUES (90, '20231', TO_DATE('2023-02-01', 'YYYY-MM-DD'), 20, 90);

-- Equipe 20 vs Equipe 100
INSERT INTO JOGO (ID_Equipe1, ID_CAMPEONATO, Dia, ID_Equipe2, Ganhador) 
VALUES (20, '20231', TO_DATE('2023-02-02', 'YYYY-MM-DD'), 100, 100);
INSERT INTO JOGO (ID_Equipe1, ID_CAMPEONATO, Dia, ID_Equipe2, Ganhador) 
VALUES (100, '20231', TO_DATE('2023-02-03', 'YYYY-MM-DD'), 20, 20);

-- Equipe 30 vs Equipe 40
INSERT INTO JOGO (ID_Equipe1, ID_CAMPEONATO, Dia, ID_Equipe2, Ganhador) 
VALUES (30, '20231', TO_DATE('2023-02-04', 'YYYY-MM-DD'), 40, 40);
INSERT INTO JOGO (ID_Equipe1, ID_CAMPEONATO, Dia, ID_Equipe2, Ganhador) 
VALUES (40, '20231', TO_DATE('2023-02-05', 'YYYY-MM-DD'), 30, 30);

-- Equipe 30 vs Equipe 50
INSERT INTO JOGO (ID_Equipe1, ID_CAMPEONATO, Dia, ID_Equipe2, Ganhador) 
VALUES (30, '20231', TO_DATE('2023-02-06', 'YYYY-MM-DD'), 50, 30);
INSERT INTO JOGO (ID_Equipe1, ID_CAMPEONATO, Dia, ID_Equipe2, Ganhador) 
VALUES (50, '20231', TO_DATE('2023-02-07', 'YYYY-MM-DD'), 30, 50);

-- Equipe 30 vs Equipe 60
INSERT INTO JOGO (ID_Equipe1, ID_CAMPEONATO, Dia, ID_Equipe2, Ganhador) 
VALUES (30, '20231', TO_DATE('2023-02-08', 'YYYY-MM-DD'), 60, 60);
INSERT INTO JOGO (ID_Equipe1, ID_CAMPEONATO, Dia, ID_Equipe2, Ganhador) 
VALUES (60, '20231', TO_DATE('2023-02-09', 'YYYY-MM-DD'), 30, 30);

-- Equipe 30 vs Equipe 70
INSERT INTO JOGO (ID_Equipe1, ID_CAMPEONATO, Dia, ID_Equipe2, Ganhador) 
VALUES (30, '20231', TO_DATE('2023-02-10', 'YYYY-MM-DD'), 70, 70);
INSERT INTO JOGO (ID_Equipe1, ID_CAMPEONATO, Dia, ID_Equipe2, Ganhador) 
VALUES (70, '20231', TO_DATE('2023-02-11', 'YYYY-MM-DD'), 30, 30);

-- Equipe 30 vs Equipe 80
INSERT INTO JOGO (ID_Equipe1, ID_CAMPEONATO, Dia, ID_Equipe2, Ganhador) 
VALUES (30, '20231', TO_DATE('2023-02-12', 'YYYY-MM-DD'), 80, 30);
INSERT INTO JOGO (ID_Equipe1, ID_CAMPEONATO, Dia, ID_Equipe2, Ganhador) 
VALUES (80, '20231', TO_DATE('2023-02-13', 'YYYY-MM-DD'), 30, 80);

-- Equipe 30 vs Equipe 90
INSERT INTO JOGO (ID_Equipe1, ID_CAMPEONATO, Dia, ID_Equipe2, Ganhador) 
VALUES (30, '20231', TO_DATE('2023-02-14', 'YYYY-MM-DD'), 90, 90);
INSERT INTO JOGO (ID_Equipe1, ID_CAMPEONATO, Dia, ID_Equipe2, Ganhador) 
VALUES (90, '20231', TO_DATE('2023-02-15', 'YYYY-MM-DD'), 30, 30);

-- Equipe 30 vs Equipe 100
INSERT INTO JOGO (ID_Equipe1, ID_CAMPEONATO, Dia, ID_Equipe2, Ganhador) 
VALUES (30, '20231', TO_DATE('2023-02-16', 'YYYY-MM-DD'), 100, 100);
INSERT INTO JOGO (ID_Equipe1, ID_CAMPEONATO, Dia, ID_Equipe2, Ganhador) 
VALUES (100, '20231', TO_DATE('2023-02-17', 'YYYY-MM-DD'), 30, 30);

-- Equipe 40 vs Equipe 50
INSERT INTO JOGO (ID_Equipe1, ID_CAMPEONATO, Dia, ID_Equipe2, Ganhador) 
VALUES (40, '20231', TO_DATE('2023-02-18', 'YYYY-MM-DD'), 50, 50);
INSERT INTO JOGO (ID_Equipe1, ID_CAMPEONATO, Dia, ID_Equipe2, Ganhador) 
VALUES (50, '20231', TO_DATE('2023-02-19', 'YYYY-MM-DD'), 40, 40);

-- Equipe 40 vs Equipe 60
INSERT INTO JOGO (ID_Equipe1, ID_CAMPEONATO, Dia, ID_Equipe2, Ganhador) 
VALUES (40, '20231', TO_DATE('2023-02-20', 'YYYY-MM-DD'), 60, 40);
INSERT INTO JOGO (ID_Equipe1, ID_CAMPEONATO, Dia, ID_Equipe2, Ganhador) 
VALUES (60, '20231', TO_DATE('2023-02-21', 'YYYY-MM-DD'), 40, 60);

-- Equipe 40 vs Equipe 70
INSERT INTO JOGO (ID_Equipe1, ID_CAMPEONATO, Dia, ID_Equipe2, Ganhador) 
VALUES (40, '20231', TO_DATE('2023-02-22', 'YYYY-MM-DD'), 70, 70);
INSERT INTO JOGO (ID_Equipe1, ID_CAMPEONATO, Dia, ID_Equipe2, Ganhador) 
VALUES (70, '20231', TO_DATE('2023-02-23', 'YYYY-MM-DD'), 40, 40);

-- Equipe 40 vs Equipe 80
INSERT INTO JOGO (ID_Equipe1, ID_CAMPEONATO, Dia, ID_Equipe2, Ganhador) 
VALUES (40, '20231', TO_DATE('2023-02-24', 'YYYY-MM-DD'), 80, 40);
INSERT INTO JOGO (ID_Equipe1, ID_CAMPEONATO, Dia, ID_Equipe2, Ganhador) 
VALUES (80, '20231', TO_DATE('2023-02-25', 'YYYY-MM-DD'), 40, 80);

-- Equipe 40 vs Equipe 90
INSERT INTO JOGO (ID_Equipe1, ID_CAMPEONATO, Dia, ID_Equipe2, Ganhador) 
VALUES (40, '20231', TO_DATE('2023-02-26', 'YYYY-MM-DD'), 90, 90);
INSERT INTO JOGO (ID_Equipe1, ID_CAMPEONATO, Dia, ID_Equipe2, Ganhador) 
VALUES (90, '20231', TO_DATE('2023-02-27', 'YYYY-MM-DD'), 40, 40);

-- Equipe 40 vs Equipe 100
INSERT INTO JOGO (ID_Equipe1, ID_CAMPEONATO, Dia, ID_Equipe2, Ganhador) 
VALUES (40, '20231', TO_DATE('2023-02-28', 'YYYY-MM-DD'), 100, 100);
INSERT INTO JOGO (ID_Equipe1, ID_CAMPEONATO, Dia, ID_Equipe2, Ganhador) 
VALUES (100, '20231', TO_DATE('2023-03-01', 'YYYY-MM-DD'), 40, 40);

-- Equipe 50 vs Equipe 60
INSERT INTO JOGO (ID_Equipe1, ID_CAMPEONATO, Dia, ID_Equipe2, Ganhador) 
VALUES (50, '20231', TO_DATE('2023-03-02', 'YYYY-MM-DD'), 60, 50);
INSERT INTO JOGO (ID_Equipe1, ID_CAMPEONATO, Dia, ID_Equipe2, Ganhador) 
VALUES (60, '20231', TO_DATE('2023-03-03', 'YYYY-MM-DD'), 50, 60);

-- Equipe 50 vs Equipe 70
INSERT INTO JOGO (ID_Equipe1, ID_CAMPEONATO, Dia, ID_Equipe2, Ganhador) 
VALUES (50, '20231', TO_DATE('2023-03-04', 'YYYY-MM-DD'), 70, 70);
INSERT INTO JOGO (ID_Equipe1, ID_CAMPEONATO, Dia, ID_Equipe2, Ganhador) 
VALUES (70, '20231', TO_DATE('2023-03-05', 'YYYY-MM-DD'), 50, 70);

-- Equipe 50 vs Equipe 80
INSERT INTO JOGO (ID_Equipe1, ID_CAMPEONATO, Dia, ID_Equipe2, Ganhador) 
VALUES (50, '20231', TO_DATE('2023-03-06', 'YYYY-MM-DD'), 80, 80);
INSERT INTO JOGO (ID_Equipe1, ID_CAMPEONATO, Dia, ID_Equipe2, Ganhador) 
VALUES (80, '20231', TO_DATE('2023-03-07', 'YYYY-MM-DD'), 50, 50);

-- Equipe 50 vs Equipe 90
INSERT INTO JOGO (ID_Equipe1, ID_CAMPEONATO, Dia, ID_Equipe2, Ganhador) 
VALUES (50, '20231', TO_DATE('2023-03-08', 'YYYY-MM-DD'), 90, 50);
INSERT INTO JOGO (ID_Equipe1, ID_CAMPEONATO, Dia, ID_Equipe2, Ganhador) 
VALUES (90, '20231', TO_DATE('2023-03-09', 'YYYY-MM-DD'), 50, 90);

-- Equipe 50 vs Equipe 100
INSERT INTO JOGO (ID_Equipe1, ID_CAMPEONATO, Dia, ID_Equipe2, Ganhador) 
VALUES (50, '20231', TO_DATE('2023-03-10', 'YYYY-MM-DD'), 100, 100);
INSERT INTO JOGO (ID_Equipe1, ID_CAMPEONATO, Dia, ID_Equipe2, Ganhador) 
VALUES (100, '20231', TO_DATE('2023-03-11', 'YYYY-MM-DD'), 50, 50);

-- Equipe 60 vs Equipe 70
INSERT INTO JOGO (ID_Equipe1, ID_CAMPEONATO, Dia, ID_Equipe2, Ganhador) 
VALUES (60, '20231', TO_DATE('2023-03-12', 'YYYY-MM-DD'), 70, 70);
INSERT INTO JOGO (ID_Equipe1, ID_CAMPEONATO, Dia, ID_Equipe2, Ganhador) 
VALUES (70, '20231', TO_DATE('2023-03-13', 'YYYY-MM-DD'), 60, 60);

-- Equipe 60 vs Equipe 80
INSERT INTO JOGO (ID_Equipe1, ID_CAMPEONATO, Dia, ID_Equipe2, Ganhador) 
VALUES (60, '20231', TO_DATE('2023-03-14', 'YYYY-MM-DD'), 80, 60);
INSERT INTO JOGO (ID_Equipe1, ID_CAMPEONATO, Dia, ID_Equipe2, Ganhador) 
VALUES (80, '20231', TO_DATE('2023-03-15', 'YYYY-MM-DD'), 60, 80);

-- Equipe 60 vs Equipe 90
INSERT INTO JOGO (ID_Equipe1, ID_CAMPEONATO, Dia, ID_Equipe2, Ganhador) 
VALUES (60, '20231', TO_DATE('2023-03-16', 'YYYY-MM-DD'), 90, 90);
INSERT INTO JOGO (ID_Equipe1, ID_CAMPEONATO, Dia, ID_Equipe2, Ganhador) 
VALUES (90, '20231', TO_DATE('2023-03-17', 'YYYY-MM-DD'), 60, 60);

-- Equipe 60 vs Equipe 100
INSERT INTO JOGO (ID_Equipe1, ID_CAMPEONATO, Dia, ID_Equipe2, Ganhador) 
VALUES (60, '20231', TO_DATE('2023-03-18', 'YYYY-MM-DD'), 100, 100);
INSERT INTO JOGO (ID_Equipe1, ID_CAMPEONATO, Dia, ID_Equipe2, Ganhador) 
VALUES (100, '20231', TO_DATE('2023-03-19', 'YYYY-MM-DD'), 60, 60);

-- Equipe 70 vs Equipe 80
INSERT INTO JOGO (ID_Equipe1, ID_CAMPEONATO, Dia, ID_Equipe2, Ganhador) 
VALUES (70, '20231', TO_DATE('2023-03-20', 'YYYY-MM-DD'), 80, 70);
INSERT INTO JOGO (ID_Equipe1, ID_CAMPEONATO, Dia, ID_Equipe2, Ganhador) 
VALUES (80, '20231', TO_DATE('2023-03-21', 'YYYY-MM-DD'), 70, 80);

-- Equipe 70 vs Equipe 90
INSERT INTO JOGO (ID_Equipe1, ID_CAMPEONATO, Dia, ID_Equipe2, Ganhador) 
VALUES (70, '20231', TO_DATE('2023-03-22', 'YYYY-MM-DD'), 90, 70);
INSERT INTO JOGO (ID_Equipe1, ID_CAMPEONATO, Dia, ID_Equipe2, Ganhador) 
VALUES (90, '20231', TO_DATE('2023-03-23', 'YYYY-MM-DD'), 70, 90);

-- Equipe 70 vs Equipe 100
INSERT INTO JOGO (ID_Equipe1, ID_CAMPEONATO, Dia, ID_Equipe2, Ganhador) 
VALUES (70, '20231', TO_DATE('2023-03-24', 'YYYY-MM-DD'), 100, 100);
INSERT INTO JOGO (ID_Equipe1, ID_CAMPEONATO, Dia, ID_Equipe2, Ganhador) 
VALUES (100, '20231', TO_DATE('2023-03-25', 'YYYY-MM-DD'), 70, 70);

-- Equipe 80 vs Equipe 90
INSERT INTO JOGO (ID_Equipe1, ID_CAMPEONATO, Dia, ID_Equipe2, Ganhador) 
VALUES (80, '20231', TO_DATE('2023-03-26', 'YYYY-MM-DD'), 90, 90);
INSERT INTO JOGO (ID_Equipe1, ID_CAMPEONATO, Dia, ID_Equipe2, Ganhador) 
VALUES (90, '20231', TO_DATE('2023-03-27', 'YYYY-MM-DD'), 80, 80);

-- Equipe 80 vs Equipe 100
INSERT INTO JOGO (ID_Equipe1, ID_CAMPEONATO, Dia, ID_Equipe2, Ganhador) 
VALUES (80, '20231', TO_DATE('2023-03-28', 'YYYY-MM-DD'), 100, 80);
INSERT INTO JOGO (ID_Equipe1, ID_CAMPEONATO, Dia, ID_Equipe2, Ganhador) 
VALUES (100, '20231', TO_DATE('2023-03-29', 'YYYY-MM-DD'), 80, 100);

-- Equipe 90 vs Equipe 100
INSERT INTO JOGO (ID_Equipe1, ID_CAMPEONATO, Dia, ID_Equipe2, Ganhador) 
VALUES (90, '20231', TO_DATE('2023-03-30', 'YYYY-MM-DD'), 100, 90);
INSERT INTO JOGO (ID_Equipe1, ID_CAMPEONATO, Dia, ID_Equipe2, Ganhador) 
VALUES (100, '20231', TO_DATE('2023-03-31', 'YYYY-MM-DD'), 90, 100);

-- Split 20241

-- Equipe 10 vs Equipe 20
INSERT INTO JOGO (ID_Equipe1, ID_CAMPEONATO, Dia, ID_Equipe2, Ganhador) 
VALUES (10, '20241', TO_DATE('2024-01-01', 'YYYY-MM-DD'), 20, 10);
INSERT INTO JOGO (ID_Equipe1, ID_CAMPEONATO, Dia, ID_Equipe2, Ganhador) 
VALUES (20, '20241', TO_DATE('2024-01-02', 'YYYY-MM-DD'), 10, 20);

-- Equipe 10 vs Equipe 30
INSERT INTO JOGO (ID_Equipe1, ID_CAMPEONATO, Dia, ID_Equipe2, Ganhador) 
VALUES (10, '20241', TO_DATE('2024-01-03', 'YYYY-MM-DD'), 30, 30);
INSERT INTO JOGO (ID_Equipe1, ID_CAMPEONATO, Dia, ID_Equipe2, Ganhador) 
VALUES (30, '20241', TO_DATE('2024-01-04', 'YYYY-MM-DD'), 10, 10);

-- Equipe 10 vs Equipe 40
INSERT INTO JOGO (ID_Equipe1, ID_CAMPEONATO, Dia, ID_Equipe2, Ganhador) 
VALUES (10, '20241', TO_DATE('2024-01-05', 'YYYY-MM-DD'), 40, 40);
INSERT INTO JOGO (ID_Equipe1, ID_CAMPEONATO, Dia, ID_Equipe2, Ganhador) 
VALUES (40, '20241', TO_DATE('2024-01-06', 'YYYY-MM-DD'), 10, 10);

-- Equipe 10 vs Equipe 50
INSERT INTO JOGO (ID_Equipe1, ID_CAMPEONATO, Dia, ID_Equipe2, Ganhador) 
VALUES (10, '20241', TO_DATE('2024-01-07', 'YYYY-MM-DD'), 50, 50);
INSERT INTO JOGO (ID_Equipe1, ID_CAMPEONATO, Dia, ID_Equipe2, Ganhador) 
VALUES (50, '20241', TO_DATE('2024-01-08', 'YYYY-MM-DD'), 10, 10);

-- Equipe 10 vs Equipe 60
INSERT INTO JOGO (ID_Equipe1, ID_CAMPEONATO, Dia, ID_Equipe2, Ganhador) 
VALUES (10, '20241', TO_DATE('2024-01-09', 'YYYY-MM-DD'), 60, 60);
INSERT INTO JOGO (ID_Equipe1, ID_CAMPEONATO, Dia, ID_Equipe2, Ganhador) 
VALUES (60, '20241', TO_DATE('2024-01-10', 'YYYY-MM-DD'), 10, 10);

-- Equipe 10 vs Equipe 70
INSERT INTO JOGO (ID_Equipe1, ID_CAMPEONATO, Dia, ID_Equipe2, Ganhador) 
VALUES (10, '20241', TO_DATE('2024-01-11', 'YYYY-MM-DD'), 70, 70);
INSERT INTO JOGO (ID_Equipe1, ID_CAMPEONATO, Dia, ID_Equipe2, Ganhador) 
VALUES (70, '20241', TO_DATE('2024-01-12', 'YYYY-MM-DD'), 10, 10);

-- Equipe 10 vs Equipe 80
INSERT INTO JOGO (ID_Equipe1, ID_CAMPEONATO, Dia, ID_Equipe2, Ganhador) 
VALUES (10, '20241', TO_DATE('2024-01-13', 'YYYY-MM-DD'), 80, 80);
INSERT INTO JOGO (ID_Equipe1, ID_CAMPEONATO, Dia, ID_Equipe2, Ganhador) 
VALUES (80, '20241', TO_DATE('2024-01-14', 'YYYY-MM-DD'), 10, 10);

-- Equipe 10 vs Equipe 90
INSERT INTO JOGO (ID_Equipe1, ID_CAMPEONATO, Dia, ID_Equipe2, Ganhador) 
VALUES (10, '20241', TO_DATE('2024-01-15', 'YYYY-MM-DD'), 90, 90);
INSERT INTO JOGO (ID_Equipe1, ID_CAMPEONATO, Dia, ID_Equipe2, Ganhador) 
VALUES (90, '20241', TO_DATE('2024-01-16', 'YYYY-MM-DD'), 10, 10);

-- Equipe 10 vs Equipe 100
INSERT INTO JOGO (ID_Equipe1, ID_CAMPEONATO, Dia, ID_Equipe2, Ganhador) 
VALUES (10, '20241', TO_DATE('2024-01-17', 'YYYY-MM-DD'), 100, 100);
INSERT INTO JOGO (ID_Equipe1, ID_CAMPEONATO, Dia, ID_Equipe2, Ganhador) 
VALUES (100, '20241', TO_DATE('2024-01-18', 'YYYY-MM-DD'), 10, 10);

-- Equipe 20 vs Equipe 30
INSERT INTO JOGO (ID_Equipe1, ID_CAMPEONATO, Dia, ID_Equipe2, Ganhador) 
VALUES (20, '20241', TO_DATE('2024-01-19', 'YYYY-MM-DD'), 30, 20);
INSERT INTO JOGO (ID_Equipe1, ID_CAMPEONATO, Dia, ID_Equipe2, Ganhador) 
VALUES (30, '20241', TO_DATE('2024-01-20', 'YYYY-MM-DD'), 20, 30);

-- Equipe 20 vs Equipe 40
INSERT INTO JOGO (ID_Equipe1, ID_CAMPEONATO, Dia, ID_Equipe2, Ganhador) 
VALUES (20, '20241', TO_DATE('2024-01-21', 'YYYY-MM-DD'), 40, 40);
INSERT INTO JOGO (ID_Equipe1, ID_CAMPEONATO, Dia, ID_Equipe2, Ganhador) 
VALUES (40, '20241', TO_DATE('2024-01-22', 'YYYY-MM-DD'), 20, 20);

-- Equipe 20 vs Equipe 50
INSERT INTO JOGO (ID_Equipe1, ID_CAMPEONATO, Dia, ID_Equipe2, Ganhador) 
VALUES (20, '20241', TO_DATE('2024-01-23', 'YYYY-MM-DD'), 50, 50);
INSERT INTO JOGO (ID_Equipe1, ID_CAMPEONATO, Dia, ID_Equipe2, Ganhador) 
VALUES (50, '20241', TO_DATE('2024-01-24', 'YYYY-MM-DD'), 20, 20);

-- Equipe 20 vs Equipe 60
INSERT INTO JOGO (ID_Equipe1, ID_CAMPEONATO, Dia, ID_Equipe2, Ganhador) 
VALUES (20, '20241', TO_DATE('2024-01-25', 'YYYY-MM-DD'), 60, 20);
INSERT INTO JOGO (ID_Equipe1, ID_CAMPEONATO, Dia, ID_Equipe2, Ganhador) 
VALUES (60, '20241', TO_DATE('2024-01-26', 'YYYY-MM-DD'), 20, 60);

-- Equipe 20 vs Equipe 70
INSERT INTO JOGO (ID_Equipe1, ID_CAMPEONATO, Dia, ID_Equipe2, Ganhador) 
VALUES (20, '20241', TO_DATE('2024-01-27', 'YYYY-MM-DD'), 70, 70);
INSERT INTO JOGO (ID_Equipe1, ID_CAMPEONATO, Dia, ID_Equipe2, Ganhador) 
VALUES (70, '20241', TO_DATE('2024-01-28', 'YYYY-MM-DD'), 20, 20);

-- Equipe 20 vs Equipe 80
INSERT INTO JOGO (ID_Equipe1, ID_CAMPEONATO, Dia, ID_Equipe2, Ganhador) 
VALUES (20, '20241', TO_DATE('2024-01-29', 'YYYY-MM-DD'), 80, 80);
INSERT INTO JOGO (ID_Equipe1, ID_CAMPEONATO, Dia, ID_Equipe2, Ganhador) 
VALUES (80, '20241', TO_DATE('2024-01-30', 'YYYY-MM-DD'), 20, 20);

-- Equipe 20 vs Equipe 90
INSERT INTO JOGO (ID_Equipe1, ID_CAMPEONATO, Dia, ID_Equipe2, Ganhador) 
VALUES (20, '20241', TO_DATE('2024-01-31', 'YYYY-MM-DD'), 90, 20);
INSERT INTO JOGO (ID_Equipe1, ID_CAMPEONATO, Dia, ID_Equipe2, Ganhador) 
VALUES (90, '20241', TO_DATE('2024-02-01', 'YYYY-MM-DD'), 20, 90);

-- Equipe 20 vs Equipe 100
INSERT INTO JOGO (ID_Equipe1, ID_CAMPEONATO, Dia, ID_Equipe2, Ganhador) 
VALUES (20, '20241', TO_DATE('2024-02-02', 'YYYY-MM-DD'), 100, 100);
INSERT INTO JOGO (ID_Equipe1, ID_CAMPEONATO, Dia, ID_Equipe2, Ganhador) 
VALUES (100, '20241', TO_DATE('2024-02-03', 'YYYY-MM-DD'), 20, 20);

-- Equipe 30 vs Equipe 40
INSERT INTO JOGO (ID_Equipe1, ID_CAMPEONATO, Dia, ID_Equipe2, Ganhador) 
VALUES (30, '20241', TO_DATE('2024-02-04', 'YYYY-MM-DD'), 40, 40);
INSERT INTO JOGO (ID_Equipe1, ID_CAMPEONATO, Dia, ID_Equipe2, Ganhador) 
VALUES (40, '20241', TO_DATE('2024-02-05', 'YYYY-MM-DD'), 30, 30);

-- Equipe 30 vs Equipe 50
INSERT INTO JOGO (ID_Equipe1, ID_CAMPEONATO, Dia, ID_Equipe2, Ganhador) 
VALUES (30, '20241', TO_DATE('2024-02-06', 'YYYY-MM-DD'), 50, 30);
INSERT INTO JOGO (ID_Equipe1, ID_CAMPEONATO, Dia, ID_Equipe2, Ganhador) 
VALUES (50, '20241', TO_DATE('2024-02-07', 'YYYY-MM-DD'), 30, 50);

-- Equipe 30 vs Equipe 60
INSERT INTO JOGO (ID_Equipe1, ID_CAMPEONATO, Dia, ID_Equipe2, Ganhador) 
VALUES (30, '20241', TO_DATE('2024-02-08', 'YYYY-MM-DD'), 60, 60);
INSERT INTO JOGO (ID_Equipe1, ID_CAMPEONATO, Dia, ID_Equipe2, Ganhador) 
VALUES (60, '20241', TO_DATE('2024-02-09', 'YYYY-MM-DD'), 30, 30);

-- Equipe 30 vs Equipe 70
INSERT INTO JOGO (ID_Equipe1, ID_CAMPEONATO, Dia, ID_Equipe2, Ganhador) 
VALUES (30, '20241', TO_DATE('2024-02-10', 'YYYY-MM-DD'), 70, 70);
INSERT INTO JOGO (ID_Equipe1, ID_CAMPEONATO, Dia, ID_Equipe2, Ganhador) 
VALUES (70, '20241', TO_DATE('2024-02-11', 'YYYY-MM-DD'), 30, 30);

-- Equipe 30 vs Equipe 80
INSERT INTO JOGO (ID_Equipe1, ID_CAMPEONATO, Dia, ID_Equipe2, Ganhador) 
VALUES (30, '20241', TO_DATE('2024-02-12', 'YYYY-MM-DD'), 80, 30);
INSERT INTO JOGO (ID_Equipe1, ID_CAMPEONATO, Dia, ID_Equipe2, Ganhador) 
VALUES (80, '20241', TO_DATE('2024-02-13', 'YYYY-MM-DD'), 30, 80);

-- Equipe 30 vs Equipe 90
INSERT INTO JOGO (ID_Equipe1, ID_CAMPEONATO, Dia, ID_Equipe2, Ganhador) 
VALUES (30, '20241', TO_DATE('2024-02-14', 'YYYY-MM-DD'), 90, 90);
INSERT INTO JOGO (ID_Equipe1, ID_CAMPEONATO, Dia, ID_Equipe2, Ganhador) 
VALUES (90, '20241', TO_DATE('2024-02-15', 'YYYY-MM-DD'), 30, 30);

-- Equipe 30 vs Equipe 100
INSERT INTO JOGO (ID_Equipe1, ID_CAMPEONATO, Dia, ID_Equipe2, Ganhador) 
VALUES (30, '20241', TO_DATE('2024-02-16', 'YYYY-MM-DD'), 100, 100);
INSERT INTO JOGO (ID_Equipe1, ID_CAMPEONATO, Dia, ID_Equipe2, Ganhador) 
VALUES (100, '20241', TO_DATE('2024-02-17', 'YYYY-MM-DD'), 30, 30);

-- Equipe 40 vs Equipe 50
INSERT INTO JOGO (ID_Equipe1, ID_CAMPEONATO, Dia, ID_Equipe2, Ganhador) 
VALUES (40, '20241', TO_DATE('2024-02-18', 'YYYY-MM-DD'), 50, 50);
INSERT INTO JOGO (ID_Equipe1, ID_CAMPEONATO, Dia, ID_Equipe2, Ganhador) 
VALUES (50, '20241', TO_DATE('2024-02-19', 'YYYY-MM-DD'), 40, 40);

-- Equipe 40 vs Equipe 60
INSERT INTO JOGO (ID_Equipe1, ID_CAMPEONATO, Dia, ID_Equipe2, Ganhador) 
VALUES (40, '20241', TO_DATE('2024-02-20', 'YYYY-MM-DD'), 60, 40);
INSERT INTO JOGO (ID_Equipe1, ID_CAMPEONATO, Dia, ID_Equipe2, Ganhador) 
VALUES (60, '20241', TO_DATE('2024-02-21', 'YYYY-MM-DD'), 40, 60);

-- Equipe 40 vs Equipe 70
INSERT INTO JOGO (ID_Equipe1, ID_CAMPEONATO, Dia, ID_Equipe2, Ganhador) 
VALUES (40, '20241', TO_DATE('2024-02-22', 'YYYY-MM-DD'), 70, 70);
INSERT INTO JOGO (ID_Equipe1, ID_CAMPEONATO, Dia, ID_Equipe2, Ganhador) 
VALUES (70, '20241', TO_DATE('2024-02-23', 'YYYY-MM-DD'), 40, 40);

-- Equipe 40 vs Equipe 80
INSERT INTO JOGO (ID_Equipe1, ID_CAMPEONATO, Dia, ID_Equipe2, Ganhador) 
VALUES (40, '20241', TO_DATE('2024-02-24', 'YYYY-MM-DD'), 80, 40);
INSERT INTO JOGO (ID_Equipe1, ID_CAMPEONATO, Dia, ID_Equipe2, Ganhador) 
VALUES (80, '20241', TO_DATE('2024-02-25', 'YYYY-MM-DD'), 40, 80);

-- Equipe 40 vs Equipe 90
INSERT INTO JOGO (ID_Equipe1, ID_CAMPEONATO, Dia, ID_Equipe2, Ganhador) 
VALUES (40, '20241', TO_DATE('2024-02-26', 'YYYY-MM-DD'), 90, 90);
INSERT INTO JOGO (ID_Equipe1, ID_CAMPEONATO, Dia, ID_Equipe2, Ganhador) 
VALUES (90, '20241', TO_DATE('2024-02-27', 'YYYY-MM-DD'), 40, 40);

-- Equipe 40 vs Equipe 100
INSERT INTO JOGO (ID_Equipe1, ID_CAMPEONATO, Dia, ID_Equipe2, Ganhador) 
VALUES (40, '20241', TO_DATE('2024-02-28', 'YYYY-MM-DD'), 100, 100);
INSERT INTO JOGO (ID_Equipe1, ID_CAMPEONATO, Dia, ID_Equipe2, Ganhador) 
VALUES (100, '20241', TO_DATE('2024-03-01', 'YYYY-MM-DD'), 40, 40);

-- Equipe 50 vs Equipe 60
INSERT INTO JOGO (ID_Equipe1, ID_CAMPEONATO, Dia, ID_Equipe2, Ganhador) 
VALUES (50, '20241', TO_DATE('2024-03-02', 'YYYY-MM-DD'), 60, 50);
INSERT INTO JOGO (ID_Equipe1, ID_CAMPEONATO, Dia, ID_Equipe2, Ganhador) 
VALUES (60, '20241', TO_DATE('2024-03-03', 'YYYY-MM-DD'), 50, 60);

-- Equipe 50 vs Equipe 70
INSERT INTO JOGO (ID_Equipe1, ID_CAMPEONATO, Dia, ID_Equipe2, Ganhador) 
VALUES (50, '20241', TO_DATE('2024-03-04', 'YYYY-MM-DD'), 70, 70);
INSERT INTO JOGO (ID_Equipe1, ID_CAMPEONATO, Dia, ID_Equipe2, Ganhador) 
VALUES (70, '20241', TO_DATE('2024-03-05', 'YYYY-MM-DD'), 50, 70);

-- Equipe 50 vs Equipe 80
INSERT INTO JOGO (ID_Equipe1, ID_CAMPEONATO, Dia, ID_Equipe2, Ganhador) 
VALUES (50, '20241', TO_DATE('2024-03-06', 'YYYY-MM-DD'), 80, 80);
INSERT INTO JOGO (ID_Equipe1, ID_CAMPEONATO, Dia, ID_Equipe2, Ganhador) 
VALUES (80, '20241', TO_DATE('2024-03-07', 'YYYY-MM-DD'), 50, 50);

-- Equipe 50 vs Equipe 90
INSERT INTO JOGO (ID_Equipe1, ID_CAMPEONATO, Dia, ID_Equipe2, Ganhador) 
VALUES (50, '20241', TO_DATE('2024-03-08', 'YYYY-MM-DD'), 90, 50);
INSERT INTO JOGO (ID_Equipe1, ID_CAMPEONATO, Dia, ID_Equipe2, Ganhador) 
VALUES (90, '20241', TO_DATE('2024-03-09', 'YYYY-MM-DD'), 50, 90);

-- Equipe 50 vs Equipe 100
INSERT INTO JOGO (ID_Equipe1, ID_CAMPEONATO, Dia, ID_Equipe2, Ganhador) 
VALUES (50, '20241', TO_DATE('2024-03-10', 'YYYY-MM-DD'), 100, 100);
INSERT INTO JOGO (ID_Equipe1, ID_CAMPEONATO, Dia, ID_Equipe2, Ganhador) 
VALUES (100, '20241', TO_DATE('2024-03-11', 'YYYY-MM-DD'), 50, 50);

-- Equipe 60 vs Equipe 70
INSERT INTO JOGO (ID_Equipe1, ID_CAMPEONATO, Dia, ID_Equipe2, Ganhador) 
VALUES (60, '20241', TO_DATE('2024-03-12', 'YYYY-MM-DD'), 70, 70);
INSERT INTO JOGO (ID_Equipe1, ID_CAMPEONATO, Dia, ID_Equipe2, Ganhador) 
VALUES (70, '20241', TO_DATE('2024-03-13', 'YYYY-MM-DD'), 60, 60);

-- Equipe 60 vs Equipe 80
INSERT INTO JOGO (ID_Equipe1, ID_CAMPEONATO, Dia, ID_Equipe2, Ganhador) 
VALUES (60, '20241', TO_DATE('2024-03-14', 'YYYY-MM-DD'), 80, 60);
INSERT INTO JOGO (ID_Equipe1, ID_CAMPEONATO, Dia, ID_Equipe2, Ganhador) 
VALUES (80, '20241', TO_DATE('2024-03-15', 'YYYY-MM-DD'), 60, 80);

-- Equipe 60 vs Equipe 90
INSERT INTO JOGO (ID_Equipe1, ID_CAMPEONATO, Dia, ID_Equipe2, Ganhador) 
VALUES (60, '20241', TO_DATE('2024-03-16', 'YYYY-MM-DD'), 90, 90);
INSERT INTO JOGO (ID_Equipe1, ID_CAMPEONATO, Dia, ID_Equipe2, Ganhador) 
VALUES (90, '20241', TO_DATE('2024-03-17', 'YYYY-MM-DD'), 60, 60);

-- Equipe 60 vs Equipe 100
INSERT INTO JOGO (ID_Equipe1, ID_CAMPEONATO, Dia, ID_Equipe2, Ganhador) 
VALUES (60, '20241', TO_DATE('2024-03-18', 'YYYY-MM-DD'), 100, 100);
INSERT INTO JOGO (ID_Equipe1, ID_CAMPEONATO, Dia, ID_Equipe2, Ganhador) 
VALUES (100, '20241', TO_DATE('2024-03-19', 'YYYY-MM-DD'), 60, 60);

-- Equipe 70 vs Equipe 80
INSERT INTO JOGO (ID_Equipe1, ID_CAMPEONATO, Dia, ID_Equipe2, Ganhador) 
VALUES (70, '20241', TO_DATE('2024-03-20', 'YYYY-MM-DD'), 80, 70);
INSERT INTO JOGO (ID_Equipe1, ID_CAMPEONATO, Dia, ID_Equipe2, Ganhador) 
VALUES (80, '20241', TO_DATE('2024-03-21', 'YYYY-MM-DD'), 70, 80);

-- Equipe 70 vs Equipe 90
INSERT INTO JOGO (ID_Equipe1, ID_CAMPEONATO, Dia, ID_Equipe2, Ganhador) 
VALUES (70, '20241', TO_DATE('2024-03-22', 'YYYY-MM-DD'), 90, 70);
INSERT INTO JOGO (ID_Equipe1, ID_CAMPEONATO, Dia, ID_Equipe2, Ganhador) 
VALUES (90, '20241', TO_DATE('2024-03-23', 'YYYY-MM-DD'), 70, 90);

-- Equipe 70 vs Equipe 100
INSERT INTO JOGO (ID_Equipe1, ID_CAMPEONATO, Dia, ID_Equipe2, Ganhador) 
VALUES (70, '20241', TO_DATE('2024-03-24', 'YYYY-MM-DD'), 100, 100);
INSERT INTO JOGO (ID_Equipe1, ID_CAMPEONATO, Dia, ID_Equipe2, Ganhador) 
VALUES (100, '20241', TO_DATE('2024-03-25', 'YYYY-MM-DD'), 70, 70);

-- Equipe 80 vs Equipe 90
INSERT INTO JOGO (ID_Equipe1, ID_CAMPEONATO, Dia, ID_Equipe2, Ganhador) 
VALUES (80, '20241', TO_DATE('2024-03-26', 'YYYY-MM-DD'), 90, 90);
INSERT INTO JOGO (ID_Equipe1, ID_CAMPEONATO, Dia, ID_Equipe2, Ganhador) 
VALUES (90, '20241', TO_DATE('2024-03-27', 'YYYY-MM-DD'), 80, 80);

-- Equipe 80 vs Equipe 100
INSERT INTO JOGO (ID_Equipe1, ID_CAMPEONATO, Dia, ID_Equipe2, Ganhador) 
VALUES (80, '20241', TO_DATE('2024-03-28', 'YYYY-MM-DD'), 100, 80);
INSERT INTO JOGO (ID_Equipe1, ID_CAMPEONATO, Dia, ID_Equipe2, Ganhador) 
VALUES (100, '20241', TO_DATE('2024-03-29', 'YYYY-MM-DD'), 80, 100);

-- Equipe 90 vs Equipe 100
INSERT INTO JOGO (ID_Equipe1, ID_CAMPEONATO, Dia, ID_Equipe2, Ganhador) 
VALUES (90, '20241', TO_DATE('2024-03-30', 'YYYY-MM-DD'), 100, 90);
INSERT INTO JOGO (ID_Equipe1, ID_CAMPEONATO, Dia, ID_Equipe2, Ganhador) 
VALUES (100, '20241', TO_DATE('2024-03-31', 'YYYY-MM-DD'), 90, 100);


-- Split 20232


-- Equipe 10 vs Equipe 20
INSERT INTO JOGO (ID_Equipe1, ID_CAMPEONATO, Dia, ID_Equipe2, Ganhador) 
VALUES (10, '20232', TO_DATE('2023-07-01', 'YYYY-MM-DD'), 20, 10);
INSERT INTO JOGO (ID_Equipe1, ID_CAMPEONATO, Dia, ID_Equipe2, Ganhador) 
VALUES (20, '20232', TO_DATE('2023-07-02', 'YYYY-MM-DD'), 10, 20);

-- Equipe 10 vs Equipe 30
INSERT INTO JOGO (ID_Equipe1, ID_CAMPEONATO, Dia, ID_Equipe2, Ganhador) 
VALUES (10, '20232', TO_DATE('2023-07-03', 'YYYY-MM-DD'), 30, 30);
INSERT INTO JOGO (ID_Equipe1, ID_CAMPEONATO, Dia, ID_Equipe2, Ganhador) 
VALUES (30, '20232', TO_DATE('2023-07-04', 'YYYY-MM-DD'), 10, 10);

-- Equipe 10 vs Equipe 40
INSERT INTO JOGO (ID_Equipe1, ID_CAMPEONATO, Dia, ID_Equipe2, Ganhador) 
VALUES (10, '20232', TO_DATE('2023-07-05', 'YYYY-MM-DD'), 40, 40);
INSERT INTO JOGO (ID_Equipe1, ID_CAMPEONATO, Dia, ID_Equipe2, Ganhador) 
VALUES (40, '20232', TO_DATE('2023-07-06', 'YYYY-MM-DD'), 10, 10);

-- Equipe 10 vs Equipe 50
INSERT INTO JOGO (ID_Equipe1, ID_CAMPEONATO, Dia, ID_Equipe2, Ganhador) 
VALUES (10, '20232', TO_DATE('2023-07-07', 'YYYY-MM-DD'), 50, 50);
INSERT INTO JOGO (ID_Equipe1, ID_CAMPEONATO, Dia, ID_Equipe2, Ganhador) 
VALUES (50, '20232', TO_DATE('2023-07-08', 'YYYY-MM-DD'), 10, 10);

-- Equipe 10 vs Equipe 60
INSERT INTO JOGO (ID_Equipe1, ID_CAMPEONATO, Dia, ID_Equipe2, Ganhador) 
VALUES (10, '20232', TO_DATE('2023-07-09', 'YYYY-MM-DD'), 60, 60);
INSERT INTO JOGO (ID_Equipe1, ID_CAMPEONATO, Dia, ID_Equipe2, Ganhador) 
VALUES (60, '20232', TO_DATE('2023-07-10', 'YYYY-MM-DD'), 10, 10);

-- Equipe 10 vs Equipe 70
INSERT INTO JOGO (ID_Equipe1, ID_CAMPEONATO, Dia, ID_Equipe2, Ganhador) 
VALUES (10, '20232', TO_DATE('2023-07-11', 'YYYY-MM-DD'), 70, 70);
INSERT INTO JOGO (ID_Equipe1, ID_CAMPEONATO, Dia, ID_Equipe2, Ganhador) 
VALUES (70, '20232', TO_DATE('2023-07-12', 'YYYY-MM-DD'), 10, 10);

-- Equipe 10 vs Equipe 80
INSERT INTO JOGO (ID_Equipe1, ID_CAMPEONATO, Dia, ID_Equipe2, Ganhador) 
VALUES (10, '20232', TO_DATE('2023-07-13', 'YYYY-MM-DD'), 80, 80);
INSERT INTO JOGO (ID_Equipe1, ID_CAMPEONATO, Dia, ID_Equipe2, Ganhador) 
VALUES (80, '20232', TO_DATE('2023-07-14', 'YYYY-MM-DD'), 10, 10);

-- Equipe 10 vs Equipe 90
INSERT INTO JOGO (ID_Equipe1, ID_CAMPEONATO, Dia, ID_Equipe2, Ganhador) 
VALUES (10, '20232', TO_DATE('2023-07-15', 'YYYY-MM-DD'), 90, 90);
INSERT INTO JOGO (ID_Equipe1, ID_CAMPEONATO, Dia, ID_Equipe2, Ganhador) 
VALUES (90, '20232', TO_DATE('2023-07-16', 'YYYY-MM-DD'), 10, 10);

-- Equipe 10 vs Equipe 100
INSERT INTO JOGO (ID_Equipe1, ID_CAMPEONATO, Dia, ID_Equipe2, Ganhador) 
VALUES (10, '20232', TO_DATE('2023-07-17', 'YYYY-MM-DD'), 100, 100);
INSERT INTO JOGO (ID_Equipe1, ID_CAMPEONATO, Dia, ID_Equipe2, Ganhador) 
VALUES (100, '20232', TO_DATE('2023-07-18', 'YYYY-MM-DD'), 10, 10);

-- Equipe 20 vs Equipe 30
INSERT INTO JOGO (ID_Equipe1, ID_CAMPEONATO, Dia, ID_Equipe2, Ganhador) 
VALUES (20, '20232', TO_DATE('2023-07-19', 'YYYY-MM-DD'), 30, 20);
INSERT INTO JOGO (ID_Equipe1, ID_CAMPEONATO, Dia, ID_Equipe2, Ganhador) 
VALUES (30, '20232', TO_DATE('2023-07-20', 'YYYY-MM-DD'), 20, 30);

-- Equipe 20 vs Equipe 40
INSERT INTO JOGO (ID_Equipe1, ID_CAMPEONATO, Dia, ID_Equipe2, Ganhador) 
VALUES (20, '20232', TO_DATE('2023-07-21', 'YYYY-MM-DD'), 40, 40);
INSERT INTO JOGO (ID_Equipe1, ID_CAMPEONATO, Dia, ID_Equipe2, Ganhador) 
VALUES (40, '20232', TO_DATE('2023-07-22', 'YYYY-MM-DD'), 20, 20);

-- Equipe 20 vs Equipe 50
INSERT INTO JOGO (ID_Equipe1, ID_CAMPEONATO, Dia, ID_Equipe2, Ganhador) 
VALUES (20, '20232', TO_DATE('2023-07-23', 'YYYY-MM-DD'), 50, 50);
INSERT INTO JOGO (ID_Equipe1, ID_CAMPEONATO, Dia, ID_Equipe2, Ganhador) 
VALUES (50, '20232', TO_DATE('2023-07-24', 'YYYY-MM-DD'), 20, 20);

-- Equipe 20 vs Equipe 60
INSERT INTO JOGO (ID_Equipe1, ID_CAMPEONATO, Dia, ID_Equipe2, Ganhador) 
VALUES (20, '20232', TO_DATE('2023-07-25', 'YYYY-MM-DD'), 60, 20);
INSERT INTO JOGO (ID_Equipe1, ID_CAMPEONATO, Dia, ID_Equipe2, Ganhador) 
VALUES (60, '20232', TO_DATE('2023-07-26', 'YYYY-MM-DD'), 20, 60);

-- Equipe 20 vs Equipe 70
INSERT INTO JOGO (ID_Equipe1, ID_CAMPEONATO, Dia, ID_Equipe2, Ganhador) 
VALUES (20, '20232', TO_DATE('2023-07-27', 'YYYY-MM-DD'), 70, 70);
INSERT INTO JOGO (ID_Equipe1, ID_CAMPEONATO, Dia, ID_Equipe2, Ganhador) 
VALUES (70, '20232', TO_DATE('2023-07-28', 'YYYY-MM-DD'), 20, 20);

-- Equipe 20 vs Equipe 80
INSERT INTO JOGO (ID_Equipe1, ID_CAMPEONATO, Dia, ID_Equipe2, Ganhador) 
VALUES (20, '20232', TO_DATE('2023-07-29', 'YYYY-MM-DD'), 80, 80);
INSERT INTO JOGO (ID_Equipe1, ID_CAMPEONATO, Dia, ID_Equipe2, Ganhador) 
VALUES (80, '20232', TO_DATE('2023-07-30', 'YYYY-MM-DD'), 20, 20);

-- Equipe 20 vs Equipe 90
INSERT INTO JOGO (ID_Equipe1, ID_CAMPEONATO, Dia, ID_Equipe2, Ganhador) 
VALUES (20, '20232', TO_DATE('2023-07-31', 'YYYY-MM-DD'), 90, 20);
INSERT INTO JOGO (ID_Equipe1, ID_CAMPEONATO, Dia, ID_Equipe2, Ganhador) 
VALUES (90, '20232', TO_DATE('2023-08-01', 'YYYY-MM-DD'), 20, 90);

-- Equipe 20 vs Equipe 100
INSERT INTO JOGO (ID_Equipe1, ID_CAMPEONATO, Dia, ID_Equipe2, Ganhador) 
VALUES (20, '20232', TO_DATE('2023-08-02', 'YYYY-MM-DD'), 100, 100);
INSERT INTO JOGO (ID_Equipe1, ID_CAMPEONATO, Dia, ID_Equipe2, Ganhador) 
VALUES (100, '20232', TO_DATE('2023-08-03', 'YYYY-MM-DD'), 20, 20);

-- Equipe 30 vs Equipe 40
INSERT INTO JOGO (ID_Equipe1, ID_CAMPEONATO, Dia, ID_Equipe2, Ganhador) 
VALUES (30, '20232', TO_DATE('2023-08-04', 'YYYY-MM-DD'), 40, 40);
INSERT INTO JOGO (ID_Equipe1, ID_CAMPEONATO, Dia, ID_Equipe2, Ganhador) 
VALUES (40, '20232', TO_DATE('2023-08-05', 'YYYY-MM-DD'), 30, 30);

-- Equipe 30 vs Equipe 50
INSERT INTO JOGO (ID_Equipe1, ID_CAMPEONATO, Dia, ID_Equipe2, Ganhador) 
VALUES (30, '20232', TO_DATE('2023-08-06', 'YYYY-MM-DD'), 50, 30);
INSERT INTO JOGO (ID_Equipe1, ID_CAMPEONATO, Dia, ID_Equipe2, Ganhador) 
VALUES (50, '20232', TO_DATE('2023-08-07', 'YYYY-MM-DD'), 30, 50);

-- Equipe 30 vs Equipe 60
INSERT INTO JOGO (ID_Equipe1, ID_CAMPEONATO, Dia, ID_Equipe2, Ganhador) 
VALUES (30, '20232', TO_DATE('2023-08-08', 'YYYY-MM-DD'), 60, 60);
INSERT INTO JOGO (ID_Equipe1, ID_CAMPEONATO, Dia, ID_Equipe2, Ganhador) 
VALUES (60, '20232', TO_DATE('2023-08-09', 'YYYY-MM-DD'), 30, 30);

-- Equipe 30 vs Equipe 70
INSERT INTO JOGO (ID_Equipe1, ID_CAMPEONATO, Dia, ID_Equipe2, Ganhador) 
VALUES (30, '20232', TO_DATE('2023-08-10', 'YYYY-MM-DD'), 70, 70);
INSERT INTO JOGO (ID_Equipe1, ID_CAMPEONATO, Dia, ID_Equipe2, Ganhador) 
VALUES (70, '20232', TO_DATE('2023-08-11', 'YYYY-MM-DD'), 30, 30);

-- Equipe 30 vs Equipe 80
INSERT INTO JOGO (ID_Equipe1, ID_CAMPEONATO, Dia, ID_Equipe2, Ganhador) 
VALUES (30, '20232', TO_DATE('2023-08-12', 'YYYY-MM-DD'), 80, 30);
INSERT INTO JOGO (ID_Equipe1, ID_CAMPEONATO, Dia, ID_Equipe2, Ganhador) 
VALUES (80, '20232', TO_DATE('2023-08-13', 'YYYY-MM-DD'), 30, 80);

-- Equipe 30 vs Equipe 90
INSERT INTO JOGO (ID_Equipe1, ID_CAMPEONATO, Dia, ID_Equipe2, Ganhador) 
VALUES (30, '20232', TO_DATE('2023-08-14', 'YYYY-MM-DD'), 90, 90);
INSERT INTO JOGO (ID_Equipe1, ID_CAMPEONATO, Dia, ID_Equipe2, Ganhador) 
VALUES (90, '20232', TO_DATE('2023-08-15', 'YYYY-MM-DD'), 30, 30);

-- Equipe 30 vs Equipe 100
INSERT INTO JOGO (ID_Equipe1, ID_CAMPEONATO, Dia, ID_Equipe2, Ganhador) 
VALUES (30, '20232', TO_DATE('2023-08-16', 'YYYY-MM-DD'), 100, 100);
INSERT INTO JOGO (ID_Equipe1, ID_CAMPEONATO, Dia, ID_Equipe2, Ganhador) 
VALUES (100, '20232', TO_DATE('2023-08-17', 'YYYY-MM-DD'), 30, 30);

-- Equipe 40 vs Equipe 50
INSERT INTO JOGO (ID_Equipe1, ID_CAMPEONATO, Dia, ID_Equipe2, Ganhador) 
VALUES (40, '20232', TO_DATE('2023-08-18', 'YYYY-MM-DD'), 50, 50);
INSERT INTO JOGO (ID_Equipe1, ID_CAMPEONATO, Dia, ID_Equipe2, Ganhador) 
VALUES (50, '20232', TO_DATE('2023-08-19', 'YYYY-MM-DD'), 40, 40);

-- Equipe 40 vs Equipe 60
INSERT INTO JOGO (ID_Equipe1, ID_CAMPEONATO, Dia, ID_Equipe2, Ganhador) 
VALUES (40, '20232', TO_DATE('2023-08-20', 'YYYY-MM-DD'), 60, 40);
INSERT INTO JOGO (ID_Equipe1, ID_CAMPEONATO, Dia, ID_Equipe2, Ganhador) 
VALUES (60, '20232', TO_DATE('2023-08-21', 'YYYY-MM-DD'), 40, 60);

-- Equipe 40 vs Equipe 70
INSERT INTO JOGO (ID_Equipe1, ID_CAMPEONATO, Dia, ID_Equipe2, Ganhador) 
VALUES (40, '20232', TO_DATE('2023-08-22', 'YYYY-MM-DD'), 70, 70);
INSERT INTO JOGO (ID_Equipe1, ID_CAMPEONATO, Dia, ID_Equipe2, Ganhador) 
VALUES (70, '20232', TO_DATE('2023-08-23', 'YYYY-MM-DD'), 40, 40);

-- Equipe 40 vs Equipe 80
INSERT INTO JOGO (ID_Equipe1, ID_CAMPEONATO, Dia, ID_Equipe2, Ganhador) 
VALUES (40, '20232', TO_DATE('2023-08-24', 'YYYY-MM-DD'), 80, 40);
INSERT INTO JOGO (ID_Equipe1, ID_CAMPEONATO, Dia, ID_Equipe2, Ganhador) 
VALUES (80, '20232', TO_DATE('2023-08-25', 'YYYY-MM-DD'), 40, 80);

-- Equipe 40 vs Equipe 90
INSERT INTO JOGO (ID_Equipe1, ID_CAMPEONATO, Dia, ID_Equipe2, Ganhador) 
VALUES (40, '20232', TO_DATE('2023-08-26', 'YYYY-MM-DD'), 90, 90);
INSERT INTO JOGO (ID_Equipe1, ID_CAMPEONATO, Dia, ID_Equipe2, Ganhador) 
VALUES (90, '20232', TO_DATE('2023-08-27', 'YYYY-MM-DD'), 40, 40);

-- Equipe 40 vs Equipe 100
INSERT INTO JOGO (ID_Equipe1, ID_CAMPEONATO, Dia, ID_Equipe2, Ganhador) 
VALUES (40, '20232', TO_DATE('2023-08-28', 'YYYY-MM-DD'), 100, 100);
INSERT INTO JOGO (ID_Equipe1, ID_CAMPEONATO, Dia, ID_Equipe2, Ganhador) 
VALUES (100, '20232', TO_DATE('2023-08-29', 'YYYY-MM-DD'), 40, 40);

-- Equipe 50 vs Equipe 60
INSERT INTO JOGO (ID_Equipe1, ID_CAMPEONATO, Dia, ID_Equipe2, Ganhador) 
VALUES (50, '20232', TO_DATE('2023-08-30', 'YYYY-MM-DD'), 60, 50);
INSERT INTO JOGO (ID_Equipe1, ID_CAMPEONATO, Dia, ID_Equipe2, Ganhador) 
VALUES (60, '20232', TO_DATE('2023-08-31', 'YYYY-MM-DD'), 50, 60);

-- Equipe 50 vs Equipe 70
INSERT INTO JOGO (ID_Equipe1, ID_CAMPEONATO, Dia, ID_Equipe2, Ganhador) 
VALUES (50, '20232', TO_DATE('2023-09-01', 'YYYY-MM-DD'), 70, 70);
INSERT INTO JOGO (ID_Equipe1, ID_CAMPEONATO, Dia, ID_Equipe2, Ganhador) 
VALUES (70, '20232', TO_DATE('2023-09-02', 'YYYY-MM-DD'), 50, 70);

-- Equipe 50 vs Equipe 80
INSERT INTO JOGO (ID_Equipe1, ID_CAMPEONATO, Dia, ID_Equipe2, Ganhador) 
VALUES (50, '20232', TO_DATE('2023-09-03', 'YYYY-MM-DD'), 80, 80);
INSERT INTO JOGO (ID_Equipe1, ID_CAMPEONATO, Dia, ID_Equipe2, Ganhador) 
VALUES (80, '20232', TO_DATE('2023-09-04', 'YYYY-MM-DD'), 50, 50);

-- Equipe 50 vs Equipe 90
INSERT INTO JOGO (ID_Equipe1, ID_CAMPEONATO, Dia, ID_Equipe2, Ganhador) 
VALUES (50, '20232', TO_DATE('2023-09-05', 'YYYY-MM-DD'), 90, 50);
INSERT INTO JOGO (ID_Equipe1, ID_CAMPEONATO, Dia, ID_Equipe2, Ganhador) 
VALUES (90, '20232', TO_DATE('2023-09-06', 'YYYY-MM-DD'), 50, 90);

-- Equipe 50 vs Equipe 100
INSERT INTO JOGO (ID_Equipe1, ID_CAMPEONATO, Dia, ID_Equipe2, Ganhador) 
VALUES (50, '20232', TO_DATE('2023-09-07', 'YYYY-MM-DD'), 100, 100);
INSERT INTO JOGO (ID_Equipe1, ID_CAMPEONATO, Dia, ID_Equipe2, Ganhador) 
VALUES (100, '20232', TO_DATE('2023-09-08', 'YYYY-MM-DD'), 50, 50);

-- Equipe 60 vs Equipe 70
INSERT INTO JOGO (ID_Equipe1, ID_CAMPEONATO, Dia, ID_Equipe2, Ganhador) 
VALUES (60, '20232', TO_DATE('2023-09-09', 'YYYY-MM-DD'), 70, 70);
INSERT INTO JOGO (ID_Equipe1, ID_CAMPEONATO, Dia, ID_Equipe2, Ganhador) 
VALUES (70, '20232', TO_DATE('2023-09-10', 'YYYY-MM-DD'), 60, 60);

-- Equipe 60 vs Equipe 80
INSERT INTO JOGO (ID_Equipe1, ID_CAMPEONATO, Dia, ID_Equipe2, Ganhador) 
VALUES (60, '20232', TO_DATE('2023-09-11', 'YYYY-MM-DD'), 80, 60);
INSERT INTO JOGO (ID_Equipe1, ID_CAMPEONATO, Dia, ID_Equipe2, Ganhador) 
VALUES (80, '20232', TO_DATE('2023-09-12', 'YYYY-MM-DD'), 60, 80);

-- Equipe 60 vs Equipe 90
INSERT INTO JOGO (ID_Equipe1, ID_CAMPEONATO, Dia, ID_Equipe2, Ganhador) 
VALUES (60, '20232', TO_DATE('2023-09-13', 'YYYY-MM-DD'), 90, 90);
INSERT INTO JOGO (ID_Equipe1, ID_CAMPEONATO, Dia, ID_Equipe2, Ganhador) 
VALUES (90, '20232', TO_DATE('2023-09-14', 'YYYY-MM-DD'), 60, 60);

-- Equipe 60 vs Equipe 100
INSERT INTO JOGO (ID_Equipe1, ID_CAMPEONATO, Dia, ID_Equipe2, Ganhador) 
VALUES (60, '20232', TO_DATE('2023-09-15', 'YYYY-MM-DD'), 100, 100);
INSERT INTO JOGO (ID_Equipe1, ID_CAMPEONATO, Dia, ID_Equipe2, Ganhador) 
VALUES (100, '20232', TO_DATE('2023-09-16', 'YYYY-MM-DD'), 60, 60);

-- Equipe 70 vs Equipe 80
INSERT INTO JOGO (ID_Equipe1, ID_CAMPEONATO, Dia, ID_Equipe2, Ganhador) 
VALUES (70, '20232', TO_DATE('2023-09-17', 'YYYY-MM-DD'), 80, 70);
INSERT INTO JOGO (ID_Equipe1, ID_CAMPEONATO, Dia, ID_Equipe2, Ganhador) 
VALUES (80, '20232', TO_DATE('2023-09-18', 'YYYY-MM-DD'), 70, 80);

-- Equipe 70 vs Equipe 90
INSERT INTO JOGO (ID_Equipe1, ID_CAMPEONATO, Dia, ID_Equipe2, Ganhador) 
VALUES (70, '20232', TO_DATE('2023-09-19', 'YYYY-MM-DD'), 90, 70);
INSERT INTO JOGO (ID_Equipe1, ID_CAMPEONATO, Dia, ID_Equipe2, Ganhador) 
VALUES (90, '20232', TO_DATE('2023-09-20', 'YYYY-MM-DD'), 70, 90);

-- Equipe 70 vs Equipe 100
INSERT INTO JOGO (ID_Equipe1, ID_CAMPEONATO, Dia, ID_Equipe2, Ganhador) 
VALUES (70, '20232', TO_DATE('2023-09-21', 'YYYY-MM-DD'), 100, 100);
INSERT INTO JOGO (ID_Equipe1, ID_CAMPEONATO, Dia, ID_Equipe2, Ganhador) 
VALUES (100, '20232', TO_DATE('2023-09-22', 'YYYY-MM-DD'), 70, 70);

-- Equipe 80 vs Equipe 90
INSERT INTO JOGO (ID_Equipe1, ID_CAMPEONATO, Dia, ID_Equipe2, Ganhador) 
VALUES (80, '20232', TO_DATE('2023-09-23', 'YYYY-MM-DD'), 90, 90);
INSERT INTO JOGO (ID_Equipe1, ID_CAMPEONATO, Dia, ID_Equipe2, Ganhador) 
VALUES (90, '20232', TO_DATE('2023-09-24', 'YYYY-MM-DD'), 80, 80);

-- Equipe 80 vs Equipe 100
INSERT INTO JOGO (ID_Equipe1, ID_CAMPEONATO, Dia, ID_Equipe2, Ganhador) 
VALUES (80, '20232', TO_DATE('2023-09-25', 'YYYY-MM-DD'), 100, 80);
INSERT INTO JOGO (ID_Equipe1, ID_CAMPEONATO, Dia, ID_Equipe2, Ganhador) 
VALUES (100, '20232', TO_DATE('2023-09-26', 'YYYY-MM-DD'), 80, 100);

-- Equipe 90 vs Equipe 100
INSERT INTO JOGO (ID_Equipe1, ID_CAMPEONATO, Dia, ID_Equipe2, Ganhador) 
VALUES (90, '20232', TO_DATE('2023-09-27', 'YYYY-MM-DD'), 100, 90);
INSERT INTO JOGO (ID_Equipe1, ID_CAMPEONATO, Dia, ID_Equipe2, Ganhador) 
VALUES (100, '20232', TO_DATE('2023-09-28', 'YYYY-MM-DD'), 90, 100);


-- Split 20242

-- Equipe 10 vs Equipe 20
INSERT INTO JOGO (ID_Equipe1, ID_CAMPEONATO, Dia, ID_Equipe2, Ganhador) 
VALUES (10, '20242', TO_DATE('2024-07-01', 'YYYY-MM-DD'), 20, 10);
INSERT INTO JOGO (ID_Equipe1, ID_CAMPEONATO, Dia, ID_Equipe2, Ganhador) 
VALUES (20, '20242', TO_DATE('2024-07-02', 'YYYY-MM-DD'), 10, 20);

-- Equipe 10 vs Equipe 30
INSERT INTO JOGO (ID_Equipe1, ID_CAMPEONATO, Dia, ID_Equipe2, Ganhador) 
VALUES (10, '20242', TO_DATE('2024-07-03', 'YYYY-MM-DD'), 30, 30);
INSERT INTO JOGO (ID_Equipe1, ID_CAMPEONATO, Dia, ID_Equipe2, Ganhador) 
VALUES (30, '20242', TO_DATE('2024-07-04', 'YYYY-MM-DD'), 10, 10);

-- Equipe 10 vs Equipe 40
INSERT INTO JOGO (ID_Equipe1, ID_CAMPEONATO, Dia, ID_Equipe2, Ganhador) 
VALUES (10, '20242', TO_DATE('2024-07-05', 'YYYY-MM-DD'), 40, 40);
INSERT INTO JOGO (ID_Equipe1, ID_CAMPEONATO, Dia, ID_Equipe2, Ganhador) 
VALUES (40, '20242', TO_DATE('2024-07-06', 'YYYY-MM-DD'), 10, 10);

-- Equipe 10 vs Equipe 50
INSERT INTO JOGO (ID_Equipe1, ID_CAMPEONATO, Dia, ID_Equipe2, Ganhador) 
VALUES (10, '20242', TO_DATE('2024-07-07', 'YYYY-MM-DD'), 50, 50);
INSERT INTO JOGO (ID_Equipe1, ID_CAMPEONATO, Dia, ID_Equipe2, Ganhador) 
VALUES (50, '20242', TO_DATE('2024-07-08', 'YYYY-MM-DD'), 10, 10);

-- Equipe 10 vs Equipe 60
INSERT INTO JOGO (ID_Equipe1, ID_CAMPEONATO, Dia, ID_Equipe2, Ganhador) 
VALUES (10, '20242', TO_DATE('2024-07-09', 'YYYY-MM-DD'), 60, 60);
INSERT INTO JOGO (ID_Equipe1, ID_CAMPEONATO, Dia, ID_Equipe2, Ganhador) 
VALUES (60, '20242', TO_DATE('2024-07-10', 'YYYY-MM-DD'), 10, 10);

-- Equipe 10 vs Equipe 70
INSERT INTO JOGO (ID_Equipe1, ID_CAMPEONATO, Dia, ID_Equipe2, Ganhador) 
VALUES (10, '20242', TO_DATE('2024-07-11', 'YYYY-MM-DD'), 70, 70);
INSERT INTO JOGO (ID_Equipe1, ID_CAMPEONATO, Dia, ID_Equipe2, Ganhador) 
VALUES (70, '20242', TO_DATE('2024-07-12', 'YYYY-MM-DD'), 10, 10);

-- Equipe 10 vs Equipe 80
INSERT INTO JOGO (ID_Equipe1, ID_CAMPEONATO, Dia, ID_Equipe2, Ganhador) 
VALUES (10, '20242', TO_DATE('2024-07-13', 'YYYY-MM-DD'), 80, 80);
INSERT INTO JOGO (ID_Equipe1, ID_CAMPEONATO, Dia, ID_Equipe2, Ganhador) 
VALUES (80, '20242', TO_DATE('2024-07-14', 'YYYY-MM-DD'), 10, 10);

-- Equipe 10 vs Equipe 90
INSERT INTO JOGO (ID_Equipe1, ID_CAMPEONATO, Dia, ID_Equipe2, Ganhador) 
VALUES (10, '20242', TO_DATE('2024-07-15', 'YYYY-MM-DD'), 90, 90);
INSERT INTO JOGO (ID_Equipe1, ID_CAMPEONATO, Dia, ID_Equipe2, Ganhador) 
VALUES (90, '20242', TO_DATE('2024-07-16', 'YYYY-MM-DD'), 10, 10);

-- Equipe 10 vs Equipe 100
INSERT INTO JOGO (ID_Equipe1, ID_CAMPEONATO, Dia, ID_Equipe2, Ganhador) 
VALUES (10, '20242', TO_DATE('2024-07-17', 'YYYY-MM-DD'), 100, 100);
INSERT INTO JOGO (ID_Equipe1, ID_CAMPEONATO, Dia, ID_Equipe2, Ganhador) 
VALUES (100, '20242', TO_DATE('2024-07-18', 'YYYY-MM-DD'), 10, 10);

-- Equipe 20 vs Equipe 30
INSERT INTO JOGO (ID_Equipe1, ID_CAMPEONATO, Dia, ID_Equipe2, Ganhador) 
VALUES (20, '20242', TO_DATE('2024-07-19', 'YYYY-MM-DD'), 30, 20);
INSERT INTO JOGO (ID_Equipe1, ID_CAMPEONATO, Dia, ID_Equipe2, Ganhador) 
VALUES (30, '20242', TO_DATE('2024-07-20', 'YYYY-MM-DD'), 20, 30);

-- Equipe 20 vs Equipe 40
INSERT INTO JOGO (ID_Equipe1, ID_CAMPEONATO, Dia, ID_Equipe2, Ganhador) 
VALUES (20, '20242', TO_DATE('2024-07-21', 'YYYY-MM-DD'), 40, 40);
INSERT INTO JOGO (ID_Equipe1, ID_CAMPEONATO, Dia, ID_Equipe2, Ganhador) 
VALUES (40, '20242', TO_DATE('2024-07-22', 'YYYY-MM-DD'), 20, 20);

-- Equipe 20 vs Equipe 50
INSERT INTO JOGO (ID_Equipe1, ID_CAMPEONATO, Dia, ID_Equipe2, Ganhador) 
VALUES (20, '20242', TO_DATE('2024-07-23', 'YYYY-MM-DD'), 50, 50);
INSERT INTO JOGO (ID_Equipe1, ID_CAMPEONATO, Dia, ID_Equipe2, Ganhador) 
VALUES (50, '20242', TO_DATE('2024-07-24', 'YYYY-MM-DD'), 20, 20);

-- Equipe 20 vs Equipe 60
INSERT INTO JOGO (ID_Equipe1, ID_CAMPEONATO, Dia, ID_Equipe2, Ganhador) 
VALUES (20, '20242', TO_DATE('2024-07-25', 'YYYY-MM-DD'), 60, 20);
INSERT INTO JOGO (ID_Equipe1, ID_CAMPEONATO, Dia, ID_Equipe2, Ganhador) 
VALUES (60, '20242', TO_DATE('2024-07-26', 'YYYY-MM-DD'), 20, 60);

-- Equipe 20 vs Equipe 70
INSERT INTO JOGO (ID_Equipe1, ID_CAMPEONATO, Dia, ID_Equipe2, Ganhador) 
VALUES (20, '20242', TO_DATE('2024-07-27', 'YYYY-MM-DD'), 70, 70);
INSERT INTO JOGO (ID_Equipe1, ID_CAMPEONATO, Dia, ID_Equipe2, Ganhador) 
VALUES (70, '20242', TO_DATE('2024-07-28', 'YYYY-MM-DD'), 20, 20);

-- Equipe 20 vs Equipe 80
INSERT INTO JOGO (ID_Equipe1, ID_CAMPEONATO, Dia, ID_Equipe2, Ganhador) 
VALUES (20, '20242', TO_DATE('2024-07-29', 'YYYY-MM-DD'), 80, 80);
INSERT INTO JOGO (ID_Equipe1, ID_CAMPEONATO, Dia, ID_Equipe2, Ganhador) 
VALUES (80, '20242', TO_DATE('2024-07-30', 'YYYY-MM-DD'), 20, 20);

-- Equipe 20 vs Equipe 90
INSERT INTO JOGO (ID_Equipe1, ID_CAMPEONATO, Dia, ID_Equipe2, Ganhador) 
VALUES (20, '20242', TO_DATE('2024-07-31', 'YYYY-MM-DD'), 90, 20);
INSERT INTO JOGO (ID_Equipe1, ID_CAMPEONATO, Dia, ID_Equipe2, Ganhador) 
VALUES (90, '20242', TO_DATE('2024-08-01', 'YYYY-MM-DD'), 20, 90);

-- Equipe 20 vs Equipe 100
INSERT INTO JOGO (ID_Equipe1, ID_CAMPEONATO, Dia, ID_Equipe2, Ganhador) 
VALUES (20, '20242', TO_DATE('2024-08-02', 'YYYY-MM-DD'), 100, 100);
INSERT INTO JOGO (ID_Equipe1, ID_CAMPEONATO, Dia, ID_Equipe2, Ganhador) 
VALUES (100, '20242', TO_DATE('2024-08-03', 'YYYY-MM-DD'), 20, 20);

-- Equipe 30 vs Equipe 40
INSERT INTO JOGO (ID_Equipe1, ID_CAMPEONATO, Dia, ID_Equipe2, Ganhador) 
VALUES (30, '20242', TO_DATE('2024-08-04', 'YYYY-MM-DD'), 40, 40);
INSERT INTO JOGO (ID_Equipe1, ID_CAMPEONATO, Dia, ID_Equipe2, Ganhador) 
VALUES (40, '20242', TO_DATE('2024-08-05', 'YYYY-MM-DD'), 30, 30);

-- Equipe 30 vs Equipe 50
INSERT INTO JOGO (ID_Equipe1, ID_CAMPEONATO, Dia, ID_Equipe2, Ganhador) 
VALUES (30, '20242', TO_DATE('2024-08-06', 'YYYY-MM-DD'), 50, 30);
INSERT INTO JOGO (ID_Equipe1, ID_CAMPEONATO, Dia, ID_Equipe2, Ganhador) 
VALUES (50, '20242', TO_DATE('2024-08-07', 'YYYY-MM-DD'), 30, 50);

-- Equipe 30 vs Equipe 60
INSERT INTO JOGO (ID_Equipe1, ID_CAMPEONATO, Dia, ID_Equipe2, Ganhador) 
VALUES (30, '20242', TO_DATE('2024-08-08', 'YYYY-MM-DD'), 60, 60);
INSERT INTO JOGO (ID_Equipe1, ID_CAMPEONATO, Dia, ID_Equipe2, Ganhador) 
VALUES (60, '20242', TO_DATE('2024-08-09', 'YYYY-MM-DD'), 30, 30);

-- Equipe 30 vs Equipe 70
INSERT INTO JOGO (ID_Equipe1, ID_CAMPEONATO, Dia, ID_Equipe2, Ganhador) 
VALUES (30, '20242', TO_DATE('2024-08-10', 'YYYY-MM-DD'), 70, 70);
INSERT INTO JOGO (ID_Equipe1, ID_CAMPEONATO, Dia, ID_Equipe2, Ganhador) 
VALUES (70, '20242', TO_DATE('2024-08-11', 'YYYY-MM-DD'), 30, 30);

-- Equipe 30 vs Equipe 80
INSERT INTO JOGO (ID_Equipe1, ID_CAMPEONATO, Dia, ID_Equipe2, Ganhador) 
VALUES (30, '20242', TO_DATE('2024-08-12', 'YYYY-MM-DD'), 80, 30);
INSERT INTO JOGO (ID_Equipe1, ID_CAMPEONATO, Dia, ID_Equipe2, Ganhador) 
VALUES (80, '20242', TO_DATE('2024-08-13', 'YYYY-MM-DD'), 30, 80);

-- Equipe 30 vs Equipe 90
INSERT INTO JOGO (ID_Equipe1, ID_CAMPEONATO, Dia, ID_Equipe2, Ganhador) 
VALUES (30, '20242', TO_DATE('2024-08-14', 'YYYY-MM-DD'), 90, 90);
INSERT INTO JOGO (ID_Equipe1, ID_CAMPEONATO, Dia, ID_Equipe2, Ganhador) 
VALUES (90, '20242', TO_DATE('2024-08-15', 'YYYY-MM-DD'), 30, 30);

-- Equipe 30 vs Equipe 100
INSERT INTO JOGO (ID_Equipe1, ID_CAMPEONATO, Dia, ID_Equipe2, Ganhador) 
VALUES (30, '20242', TO_DATE('2024-08-16', 'YYYY-MM-DD'), 100, 100);
INSERT INTO JOGO (ID_Equipe1, ID_CAMPEONATO, Dia, ID_Equipe2, Ganhador) 
VALUES (100, '20242', TO_DATE('2024-08-17', 'YYYY-MM-DD'), 30, 30);

-- Equipe 40 vs Equipe 50
INSERT INTO JOGO (ID_Equipe1, ID_CAMPEONATO, Dia, ID_Equipe2, Ganhador) 
VALUES (40, '20242', TO_DATE('2024-08-18', 'YYYY-MM-DD'), 50, 50);
INSERT INTO JOGO (ID_Equipe1, ID_CAMPEONATO, Dia, ID_Equipe2, Ganhador) 
VALUES (50, '20242', TO_DATE('2024-08-19', 'YYYY-MM-DD'), 40, 40);

-- Equipe 40 vs Equipe 60
INSERT INTO JOGO (ID_Equipe1, ID_CAMPEONATO, Dia, ID_Equipe2, Ganhador) 
VALUES (40, '20242', TO_DATE('2024-08-20', 'YYYY-MM-DD'), 60, 40);
INSERT INTO JOGO (ID_Equipe1, ID_CAMPEONATO, Dia, ID_Equipe2, Ganhador) 
VALUES (60, '20242', TO_DATE('2024-08-21', 'YYYY-MM-DD'), 40, 60);

-- Equipe 40 vs Equipe 70
INSERT INTO JOGO (ID_Equipe1, ID_CAMPEONATO, Dia, ID_Equipe2, Ganhador) 
VALUES (40, '20242', TO_DATE('2024-08-22', 'YYYY-MM-DD'), 70, 70);
INSERT INTO JOGO (ID_Equipe1, ID_CAMPEONATO, Dia, ID_Equipe2, Ganhador) 
VALUES (70, '20242', TO_DATE('2024-08-23', 'YYYY-MM-DD'), 40, 40);

-- Equipe 40 vs Equipe 80
INSERT INTO JOGO (ID_Equipe1, ID_CAMPEONATO, Dia, ID_Equipe2, Ganhador) 
VALUES (40, '20242', TO_DATE('2024-08-24', 'YYYY-MM-DD'), 80, 40);
INSERT INTO JOGO (ID_Equipe1, ID_CAMPEONATO, Dia, ID_Equipe2, Ganhador) 
VALUES (80, '20242', TO_DATE('2024-08-25', 'YYYY-MM-DD'), 40, 80);

-- Equipe 40 vs Equipe 90
INSERT INTO JOGO (ID_Equipe1, ID_CAMPEONATO, Dia, ID_Equipe2, Ganhador) 
VALUES (40, '20242', TO_DATE('2024-08-26', 'YYYY-MM-DD'), 90, 90);
INSERT INTO JOGO (ID_Equipe1, ID_CAMPEONATO, Dia, ID_Equipe2, Ganhador) 
VALUES (90, '20242', TO_DATE('2024-08-27', 'YYYY-MM-DD'), 40, 40);

-- Equipe 40 vs Equipe 100
INSERT INTO JOGO (ID_Equipe1, ID_CAMPEONATO, Dia, ID_Equipe2, Ganhador) 
VALUES (40, '20242', TO_DATE('2024-08-28', 'YYYY-MM-DD'), 100, 100);
INSERT INTO JOGO (ID_Equipe1, ID_CAMPEONATO, Dia, ID_Equipe2, Ganhador) 
VALUES (100, '20242', TO_DATE('2024-08-29', 'YYYY-MM-DD'), 40, 40);

-- Equipe 50 vs Equipe 60
INSERT INTO JOGO (ID_Equipe1, ID_CAMPEONATO, Dia, ID_Equipe2, Ganhador) 
VALUES (50, '20242', TO_DATE('2024-08-30', 'YYYY-MM-DD'), 60, 50);
INSERT INTO JOGO (ID_Equipe1, ID_CAMPEONATO, Dia, ID_Equipe2, Ganhador) 
VALUES (60, '20242', TO_DATE('2024-08-31', 'YYYY-MM-DD'), 50, 60);

-- Equipe 50 vs Equipe 70
INSERT INTO JOGO (ID_Equipe1, ID_CAMPEONATO, Dia, ID_Equipe2, Ganhador) 
VALUES (50, '20242', TO_DATE('2024-09-01', 'YYYY-MM-DD'), 70, 70);
INSERT INTO JOGO (ID_Equipe1, ID_CAMPEONATO, Dia, ID_Equipe2, Ganhador) 
VALUES (70, '20242', TO_DATE('2024-09-02', 'YYYY-MM-DD'), 50, 70);

-- Equipe 50 vs Equipe 80
INSERT INTO JOGO (ID_Equipe1, ID_CAMPEONATO, Dia, ID_Equipe2, Ganhador) 
VALUES (50, '20242', TO_DATE('2024-09-03', 'YYYY-MM-DD'), 80, 80);
INSERT INTO JOGO (ID_Equipe1, ID_CAMPEONATO, Dia, ID_Equipe2, Ganhador) 
VALUES (80, '20242', TO_DATE('2024-09-04', 'YYYY-MM-DD'), 50, 50);

-- Equipe 50 vs Equipe 90
INSERT INTO JOGO (ID_Equipe1, ID_CAMPEONATO, Dia, ID_Equipe2, Ganhador) 
VALUES (50, '20242', TO_DATE('2024-09-05', 'YYYY-MM-DD'), 90, 50);
INSERT INTO JOGO (ID_Equipe1, ID_CAMPEONATO, Dia, ID_Equipe2, Ganhador) 
VALUES (90, '20242', TO_DATE('2024-09-06', 'YYYY-MM-DD'), 50, 90);

-- Equipe 50 vs Equipe 100
INSERT INTO JOGO (ID_Equipe1, ID_CAMPEONATO, Dia, ID_Equipe2, Ganhador) 
VALUES (50, '20242', TO_DATE('2024-09-07', 'YYYY-MM-DD'), 100, 100);
INSERT INTO JOGO (ID_Equipe1, ID_CAMPEONATO, Dia, ID_Equipe2, Ganhador) 
VALUES (100, '20242', TO_DATE('2024-09-08', 'YYYY-MM-DD'), 50, 50);

-- Equipe 60 vs Equipe 70
INSERT INTO JOGO (ID_Equipe1, ID_CAMPEONATO, Dia, ID_Equipe2, Ganhador) 
VALUES (60, '20242', TO_DATE('2024-09-09', 'YYYY-MM-DD'), 70, 70);
INSERT INTO JOGO (ID_Equipe1, ID_CAMPEONATO, Dia, ID_Equipe2, Ganhador) 
VALUES (70, '20242', TO_DATE('2024-09-10', 'YYYY-MM-DD'), 60, 60);

-- Equipe 60 vs Equipe 80
INSERT INTO JOGO (ID_Equipe1, ID_CAMPEONATO, Dia, ID_Equipe2, Ganhador) 
VALUES (60, '20242', TO_DATE('2024-09-11', 'YYYY-MM-DD'), 80, 60);
INSERT INTO JOGO (ID_Equipe1, ID_CAMPEONATO, Dia, ID_Equipe2, Ganhador) 
VALUES (80, '20242', TO_DATE('2024-09-12', 'YYYY-MM-DD'), 60, 80);

-- Equipe 60 vs Equipe 90
INSERT INTO JOGO (ID_Equipe1, ID_CAMPEONATO, Dia, ID_Equipe2, Ganhador) 
VALUES (60, '20242', TO_DATE('2024-09-13', 'YYYY-MM-DD'), 90, 90);
INSERT INTO JOGO (ID_Equipe1, ID_CAMPEONATO, Dia, ID_Equipe2, Ganhador) 
VALUES (90, '20242', TO_DATE('2024-09-14', 'YYYY-MM-DD'), 60, 60);

-- Equipe 60 vs Equipe 100
INSERT INTO JOGO (ID_Equipe1, ID_CAMPEONATO, Dia, ID_Equipe2, Ganhador) 
VALUES (60, '20242', TO_DATE('2024-09-15', 'YYYY-MM-DD'), 100, 100);
INSERT INTO JOGO (ID_Equipe1, ID_CAMPEONATO, Dia, ID_Equipe2, Ganhador) 
VALUES (100, '20242', TO_DATE('2024-09-16', 'YYYY-MM-DD'), 60, 60);

-- Equipe 70 vs Equipe 80
INSERT INTO JOGO (ID_Equipe1, ID_CAMPEONATO, Dia, ID_Equipe2, Ganhador) 
VALUES (70, '20242', TO_DATE('2024-09-17', 'YYYY-MM-DD'), 80, 70);
INSERT INTO JOGO (ID_Equipe1, ID_CAMPEONATO, Dia, ID_Equipe2, Ganhador) 
VALUES (80, '20242', TO_DATE('2024-09-18', 'YYYY-MM-DD'), 70, 80);

-- Equipe 70 vs Equipe 90
INSERT INTO JOGO (ID_Equipe1, ID_CAMPEONATO, Dia, ID_Equipe2, Ganhador) 
VALUES (70, '20242', TO_DATE('2024-09-19', 'YYYY-MM-DD'), 90, 70);
INSERT INTO JOGO (ID_Equipe1, ID_CAMPEONATO, Dia, ID_Equipe2, Ganhador) 
VALUES (90, '20242', TO_DATE('2024-09-20', 'YYYY-MM-DD'), 70, 90);

-- Equipe 70 vs Equipe 100
INSERT INTO JOGO (ID_Equipe1, ID_CAMPEONATO, Dia, ID_Equipe2, Ganhador) 
VALUES (70, '20242', TO_DATE('2024-09-21', 'YYYY-MM-DD'), 100, 100);
INSERT INTO JOGO (ID_Equipe1, ID_CAMPEONATO, Dia, ID_Equipe2, Ganhador) 
VALUES (100, '20242', TO_DATE('2024-09-22', 'YYYY-MM-DD'), 70, 70);

-- Equipe 80 vs Equipe 90
INSERT INTO JOGO (ID_Equipe1, ID_CAMPEONATO, Dia, ID_Equipe2, Ganhador) 
VALUES (80, '20242', TO_DATE('2024-09-23', 'YYYY-MM-DD'), 90, 90);
INSERT INTO JOGO (ID_Equipe1, ID_CAMPEONATO, Dia, ID_Equipe2, Ganhador) 
VALUES (90, '20242', TO_DATE('2024-09-24', 'YYYY-MM-DD'), 80, 80);

-- Equipe 80 vs Equipe 100
INSERT INTO JOGO (ID_Equipe1, ID_CAMPEONATO, Dia, ID_Equipe2, Ganhador) 
VALUES (80, '20242', TO_DATE('2024-09-25', 'YYYY-MM-DD'), 100, 80);
INSERT INTO JOGO (ID_Equipe1, ID_CAMPEONATO, Dia, ID_Equipe2, Ganhador) 
VALUES (100, '20242', TO_DATE('2024-09-26', 'YYYY-MM-DD'), 80, 100);

-- Equipe 90 vs Equipe 100
INSERT INTO JOGO (ID_Equipe1, ID_CAMPEONATO, Dia, ID_Equipe2, Ganhador) 
VALUES (90, '20242', TO_DATE('2024-09-27', 'YYYY-MM-DD'), 100, 90);
INSERT INTO JOGO (ID_Equipe1, ID_CAMPEONATO, Dia, ID_Equipe2, Ganhador) 
VALUES (100, '20242', TO_DATE('2024-09-28', 'YYYY-MM-DD'), 90, 100);

INSERT INTO OCORRE VALUES (50, '20232', TO_DATE('2023-08-30', 'YYYY-MM-DD'), 1);
INSERT INTO OCORRE VALUES (10, '20242', TO_DATE('2024-07-01', 'YYYY-MM-DD'), 2);
INSERT INTO OCORRE VALUES (10, '20231', TO_DATE('2023-01-01', 'YYYY-MM-DD'), 3);
INSERT INTO OCORRE VALUES (20, '20241', TO_DATE('2024-01-31', 'YYYY-MM-DD'), 4);